井名,深度,GR,SP,AC,CAL,DEN,CNL,PE,RD,SW,RD_RS_ratio,y_fine,y_coarse
靖53-1,4285.0,17.804,30.437,159.915,21.689,2.743,3.933,3.65,312.95,100.0,0.905,气层,气层优势类
靖53-1,4285.125,19.985,30.231,160.901,21.697,2.739,3.953,3.549,290.998,100.0,0.903,气层,气层优势类
靖53-1,4285.25,23.094,30.03,162.064,21.701,2.727,3.823,3.605,284.926,100.0,0.902,气层,气层优势类
靖53-1,4285.375,28.887,29.693,162.801,21.696,2.707,3.412,3.937,299.403,100.0,0.903,气层,气层优势类
靖53-1,4285.5,29.902,29.55,163.071,21.69,2.696,3.14,4.182,308.254,100.0,0.903,气层,气层优势类
靖53-1,4285.625,28.742,29.436,163.247,21.69,2.693,3.173,4.238,313.046,100.0,0.902,气层,气层优势类
靖53-1,4285.75,25.845,29.355,163.488,21.7,2.692,3.348,4.213,312.02,100.0,0.9,气层,气层优势类
靖53-1,4285.875,19.938,29.296,163.635,21.738,2.698,3.78,3.993,293.967,100.0,0.896,气层,气层优势类
靖53-1,4286.0,18.178,29.32,163.676,21.752,2.706,4.248,3.784,273.39,98.489,0.893,气层,气层优势类
靖53-1,4286.125,17.249,29.379,163.706,21.757,2.711,4.675,3.685,246.549,67.917,0.889,气层,气层优势类
靖53-1,4286.25,16.817,29.48,163.669,21.753,2.715,5.15,3.586,216.263,70.27,0.885,气层,气层优势类
靖53-1,4286.375,16.297,29.752,163.602,21.738,2.713,5.94,3.399,167.85,53.242,0.874,气层,气层优势类
靖53-1,4286.5,15.832,29.928,163.482,21.734,2.71,6.533,3.282,151.644,43.958,0.868,气层,气层优势类
靖53-1,4286.625,15.058,30.124,163.257,21.732,2.712,6.773,3.265,141.254,44.254,0.862,气层,气层优势类
靖53-1,4286.75,14.05,30.349,162.674,21.729,2.715,6.889,3.285,136.363,44.307,0.858,气层,气层优势类
靖53-1,4286.875,12.654,30.815,162.1,21.722,2.717,6.977,3.326,137.631,43.645,0.852,气层,气层优势类
靖53-1,4287.0,12.461,31.077,161.714,21.72,2.719,7.031,3.328,141.911,43.592,0.849,气层,气层优势类
靖53-1,4287.125,12.438,31.356,161.427,21.721,2.724,7.012,3.289,146.625,44.391,0.847,气层,气层优势类
靖53-1,4287.25,12.6,31.668,161.263,21.726,2.731,6.91,3.214,150.541,45.458,0.845,气层,气层优势类
靖53-1,4287.375,13.501,32.292,161.301,21.746,2.733,6.701,3.138,154.213,44.689,0.842,气层,气层优势类
靖53-1,4287.5,14.223,32.636,161.489,21.763,2.729,6.59,3.144,155.258,42.025,0.842,气层,气层优势类
靖53-1,4287.625,14.949,33.0,161.752,21.782,2.722,6.624,3.237,155.922,39.855,0.842,气层,气层优势类
靖53-1,4287.75,15.565,33.403,162.249,21.801,2.715,6.702,3.387,155.615,38.717,0.842,气层,气层优势类
靖53-1,4287.875,15.955,34.197,162.479,21.825,2.712,6.82,3.569,152.759,38.148,0.843,气层,气层优势类
靖53-1,4288.0,15.556,34.618,162.236,21.839,2.71,6.916,3.654,151.598,37.576,0.844,气层,气层优势类
延948-2,4181.0,24.316,38.752,170.532,21.408,2.688,2.734,3.714,357.666,65.692,1.02,气层,气层优势类
延948-2,4181.125,24.734,38.608,169.354,21.394,2.691,2.522,3.746,440.282,63.077,1.05,气层,气层优势类
延948-2,4181.25,26.367,38.486,167.625,21.526,2.694,2.4,3.765,523.483,62.83,1.09,气层,气层优势类
延948-2,4181.375,28.908,38.387,166.048,21.676,2.694,2.4,3.767,564.13,64.653,1.1,气层,气层优势类
延948-2,4181.5,31.426,38.312,164.987,21.739,2.691,2.506,3.766,548.817,67.643,1.08,气层,气层优势类
延948-2,4181.625,32.812,38.258,164.446,21.751,2.685,2.687,3.753,492.784,69.388,1.04,气层,气层优势类
延948-2,4181.75,32.095,38.223,164.259,21.769,2.679,2.88,3.739,461.002,65.524,1.02,气层,气层优势类
延948-2,4181.875,30.289,38.206,164.017,21.799,2.676,3.013,3.72,460.661,60.177,1.05,气层,气层优势类
延948-2,4182.0,28.873,38.203,163.425,21.824,2.678,3.041,3.672,465.374,58.674,1.07,气层,气层优势类
延948-2,4182.125,28.939,38.213,162.626,21.823,2.686,2.971,3.589,447.402,63.937,1.08,气层,气层优势类
延948-2,4182.25,30.301,38.232,162.162,21.794,2.696,2.858,3.483,405.91,75.462,1.06,气层,气层优势类
延948-2,4182.375,32.987,38.257,162.529,21.755,2.703,2.758,3.386,359.968,92.863,1.04,气层,气层优势类
延948-2,4182.5,37.348,38.287,163.64,21.741,2.706,2.725,3.362,328.611,100.0,1.04,气层,气层优势类
延948-2,4182.625,43.308,38.318,164.922,21.756,2.705,2.774,3.456,307.733,100.0,1.04,气层,气层优势类
延948-2,4182.75,49.287,38.35,165.831,21.777,2.706,2.891,3.58,296.598,100.0,1.04,气层,气层优势类
延948-2,4182.875,52.796,38.379,166.111,21.769,2.711,3.024,3.664,294.893,100.0,1.04,气层,气层优势类
延948-2,4183.0,53.278,38.406,165.679,21.724,2.719,3.131,3.712,302.683,100.0,1.03,气层,气层优势类
延948-2,4183.125,52.513,38.429,164.792,21.667,2.728,3.185,3.712,327.269,100.0,1,气层,气层优势类
延948-2,4183.25,52.513,38.448,164.172,21.647,2.733,3.188,3.697,384.851,100.0,0.982,气层,气层优势类
延948-2,4183.375,52.084,38.462,164.039,21.689,2.731,3.129,3.699,502.961,100.0,0.992,气层,气层优势类
延948-2,4183.5,48.36,38.473,164.056,21.765,2.723,2.999,3.708,698.465,100.0,1.04,气层,气层优势类
延948-2,4183.625,41.794,38.479,163.851,21.818,2.712,2.818,3.666,913.961,87.899,1.09,气层,气层优势类
延948-2,4183.75,34.758,38.483,163.312,21.819,2.702,2.62,3.602,1054.039,58.428,1.12,气层,气层优势类
延948-2,4183.875,30.053,38.483,162.655,21.788,2.696,2.466,3.564,1032.529,50.171,1.12,气层,气层优势类
延948-2,4184.0,27.766,38.483,162.25,21.747,2.696,2.399,3.552,879.93,51.535,1.08,气层,气层优势类
延948-2,4184.125,27.033,38.481,162.354,21.686,2.699,2.454,3.551,675.553,58.602,1.03,气层,气层优势类
延948-2,4184.25,27.093,38.48,162.821,21.611,2.706,2.616,3.522,508.45,68.876,1,气层,气层优势类
延948-2,4184.375,27.687,38.48,163.371,21.548,2.713,2.84,3.449,396.951,79.65,1.01,气层,气层优势类
延948-2,4184.5,28.518,38.482,163.833,21.514,2.721,3.077,3.333,328.334,89.461,1.02,气层,气层优势类
延948-2,4184.625,29.39,38.487,164.373,21.476,2.727,3.283,3.205,278.927,98.326,1.03,气层,气层优势类
延948-2,4184.75,30.876,38.495,165.241,21.419,2.734,3.453,3.089,241.58,100.0,1.03,气层,气层优势类
延948-2,4184.875,33.848,38.508,166.461,21.369,2.741,3.608,3.009,214.935,100.0,1.03,气层,气层优势类
延948-2,4185.0,37.199,38.527,167.696,21.368,2.749,3.773,2.973,198.477,100.0,1.02,气层,气层优势类
延948-2,4185.125,39.09,38.552,168.742,21.427,2.755,3.947,2.995,194.022,100.0,1.02,气层,气层优势类
延948-2,4185.25,39.034,38.583,169.317,21.52,2.76,4.105,3.079,202.862,100.0,1.02,气层,气层优势类
延948-2,4185.375,38.288,38.622,169.16,21.602,2.763,4.214,3.201,223.255,100.0,1.03,气层,气层优势类
延948-2,4185.5,37.296,38.668,168.234,21.635,2.767,4.215,3.325,253.556,100.0,1.05,气层,气层优势类
延948-2,4185.625,35.858,38.722,166.931,21.604,2.771,4.05,3.418,287.551,100.0,1.06,气层,气层优势类
延948-2,4185.75,34.327,38.783,165.447,21.539,2.772,3.731,3.476,317.974,100.0,1.07,气层,气层优势类
延948-2,4185.875,33.414,38.852,163.737,21.485,2.769,3.319,3.523,338.663,100.0,1.07,气层,气层优势类
延948-2,4186.0,33.322,38.929,161.97,21.467,2.76,2.94,3.579,349.456,100.0,1.06,气层,气层优势类
延962-1,4071.0,12.416,69.879,164.774,23.748,2.692,4.509,3.329,69.48,100.0,0.937,气层,气层优势类
延962-1,4071.125,12.435,69.837,162.853,23.789,2.701,4.392,3.339,78.565,100.0,0.941,气层,气层优势类
延962-1,4071.25,12.422,69.812,159.849,23.86,2.71,4.411,3.303,89.323,100.0,0.943,气层,气层优势类
延962-1,4071.375,12.417,69.809,158.676,23.949,2.718,4.598,3.265,94.415,100.0,0.942,气层,气层优势类
延962-1,4071.5,12.934,69.812,160.04,24.154,2.721,5.44,3.187,96.265,100.0,0.94,气层,气层优势类
延962-1,4071.625,13.419,69.82,162.683,24.26,2.716,5.952,3.224,92.575,96.182,0.939,气层,气层优势类
延962-1,4071.75,13.997,69.831,167.217,24.361,2.708,6.41,3.276,84.528,88.505,0.942,气层,气层优势类
延962-1,4071.875,14.549,69.84,170.185,24.451,2.7,6.768,3.309,78.691,82.116,0.95,气层,气层优势类
延962-1,4072.0,14.583,69.85,170.857,24.563,2.688,7.113,3.323,75.706,70.222,0.96,气层,气层优势类
延962-1,4072.125,13.943,69.868,170.784,24.577,2.687,7.141,3.232,75.453,59.626,0.967,气层,气层优势类
延962-1,4072.25,13.255,69.893,170.238,24.569,2.69,7.15,3.129,76.117,58.614,0.971,气层,气层优势类
延962-1,4072.375,12.92,69.915,170.128,24.552,2.696,7.161,2.996,76.148,64.071,0.975,气层,气层优势类
延962-1,4072.5,13.306,69.941,170.73,24.544,2.709,7.026,2.81,76.038,72.462,0.98,气层,气层优势类
延962-1,4072.625,13.354,69.987,171.56,24.573,2.713,6.843,2.742,76.193,71.324,0.988,气层,气层优势类
延962-1,4072.75,13.01,70.05,171.128,24.628,2.713,6.644,2.724,77.013,69.115,0.999,气层,气层优势类
延962-1,4072.875,12.418,70.098,168.94,24.7,2.712,6.475,2.705,78.624,64.634,1.01,气层,气层优势类
延962-1,4073.0,12.316,70.154,165.646,24.835,2.707,6.244,2.664,81.934,58.946,1.02,气层,气层优势类
延1193,3822.0,16.475,96.708,173.629,21.73,2.652,12.176,3.899,108.466,27.733,1.04,气层,气层优势类
延1193,3822.125,16.205,97.019,175.936,21.771,2.639,12.05,3.867,104.753,27.105,1.04,气层,气层优势类
延1193,3822.25,16.022,97.28,178.525,21.767,2.626,11.916,3.838,100.057,25.295,1.04,气层,气层优势类
延1193,3822.375,15.624,97.341,180.532,21.748,2.615,11.828,3.809,96.727,23.613,1.04,气层,气层优势类
延1193,3822.5,12.956,97.143,179.661,21.726,2.61,11.808,3.728,96.415,23.603,1.04,气层,气层优势类
延1193,3822.625,11.974,97.092,177.126,21.712,2.614,11.787,3.677,100.877,24.126,1.04,气层,气层优势类
延1193,3822.75,11.773,96.968,175.241,21.705,2.62,11.68,3.625,108.473,24.796,1.04,气层,气层优势类
延1193,3822.875,12.839,96.844,175.336,21.702,2.624,11.501,3.577,116.089,23.419,1.04,气层,气层优势类
延1193,3823.0,15.495,96.646,180.637,21.664,2.624,11.178,3.518,118.96,23.861,1.04,气层,气层优势类
延1193,3823.125,15.285,96.646,182.811,21.648,2.626,11.059,3.511,116.218,22.174,1.04,气层,气层优势类
延1193,3823.25,14.203,96.595,183.211,21.651,2.633,10.947,3.518,113.783,22.437,1.04,气层,气层优势类
延1193,3823.375,13.746,96.522,182.317,21.65,2.645,10.81,3.536,110.937,25.77,1.04,气层,气层优势类
延1193,3823.5,14.078,96.547,178.878,21.626,2.665,10.55,3.596,107.898,29.548,1.04,气层,气层优势类
延1193,3823.625,13.845,96.635,177.891,21.619,2.667,10.565,3.634,108.36,30.846,1.04,气层,气层优势类
延1193,3823.75,13.457,96.759,177.805,21.628,2.663,10.675,3.679,107.622,31.407,1.04,气层,气层优势类
延1193,3823.875,12.878,96.884,178.423,21.634,2.66,10.779,3.734,104.652,30.013,1.04,气层,气层优势类
延1193,3824.0,12.532,97.132,179.813,21.599,2.658,10.727,3.882,97.995,29.488,1.04,气层,气层优势类
延1193,3824.125,12.595,97.257,180.158,21.59,2.659,10.563,3.972,95.023,29.549,1.04,气层,气层优势类
延1193,3824.25,13.006,97.355,180.167,21.617,2.661,10.323,4.066,92.402,33.084,1.04,气层,气层优势类
延1193,3824.375,13.584,97.391,179.916,21.655,2.663,10.062,4.151,91.535,36.581,1.04,气层,气层优势类
延1193,3824.5,12.732,97.306,177.633,21.695,2.667,9.609,4.243,91.932,42.034,1.04,气层,气层优势类
延1193,3824.625,12.1,97.062,175.335,21.713,2.671,9.403,4.233,91.4,45.409,1.04,气层,气层优势类
延1193,3824.75,11.91,96.732,171.662,21.733,2.675,9.28,4.18,92.753,49.99,1.04,气层,气层优势类
延1193,3824.875,11.697,96.337,166.666,21.716,2.682,9.295,4.091,97.219,58.064,1.04,气层,气层优势类
延1193,3825.0,11.153,95.454,158.017,21.612,2.697,9.44,3.848,106.698,58.716,1.04,气层,气层优势类
靖32,3876.0,54.821,44.808,159.36,21.6,2.745,10.792,3.254,198.729,100.0,1.19,气层,气层优势类
靖32,3876.125,38.525,44.312,159.073,21.707,2.741,10.234,3.232,185.932,83.784,1.18,气层,气层优势类
靖32,3876.25,28.328,43.843,160.523,22.098,2.738,9.96,3.238,166.662,75.453,1.17,气层,气层优势类
靖32,3876.375,22.147,43.443,162.595,22.349,2.731,10.014,3.266,151.54,68.819,1.16,气层,气层优势类
靖32,3876.5,22.077,43.01,164.94,22.4,2.72,10.157,3.303,139.362,65.007,1.16,气层,气层优势类
靖32,3876.625,23.267,42.511,166.492,22.4,2.715,10.092,3.346,128.307,65.795,1.16,气层,气层优势类
靖32,3876.75,22.945,42.02,166.45,22.4,2.717,10.008,3.385,116.741,68.285,1.16,气层,气层优势类
靖32,3876.875,22.997,41.568,165.486,22.281,2.721,9.954,3.417,104.68,70.982,1.15,气层,气层优势类
靖32,3877.0,21.542,41.133,163.881,22.082,2.728,9.953,3.438,93.913,72.614,1.14,气层,气层优势类
靖32,3877.125,20.563,40.657,163.101,21.965,2.734,9.975,3.442,87.904,74.525,1.13,气层,气层优势类
靖32,3877.25,20.519,40.145,163.005,21.83,2.721,10.012,3.433,84.794,69.101,1.13,气层,气层优势类
靖32,3877.375,20.551,39.589,163.634,21.8,2.715,10.108,3.412,84.029,66.093,1.12,气层,气层优势类
靖32,3877.5,21.615,39.043,164.967,22.0,2.708,10.232,3.381,84.081,62.786,1.12,气层,气层优势类
靖32,3877.625,22.463,38.547,166.309,22.2,2.706,10.359,3.345,84.788,63.088,1.11,气层,气层优势类
靖32,3877.75,23.568,38.109,166.916,22.3,2.703,10.474,3.309,86.138,63.122,1.11,气层,气层优势类
靖32,3877.875,23.98,37.771,167.25,22.4,2.706,10.565,3.275,86.315,62.769,1.1,气层,气层优势类
靖32,3878.0,24.212,37.517,167.214,22.4,2.71,10.621,3.245,84.471,62.125,1.1,气层,气层优势类
靖32,3878.125,22.739,37.276,166.836,22.35,2.714,10.618,3.216,84.071,62.007,1.1,气层,气层优势类
靖32,3878.25,20.572,37.016,166.498,22.165,2.717,10.546,3.185,87.46,62.985,1.11,气层,气层优势类
靖32,3878.375,18.306,36.815,166.456,22.032,2.714,10.403,3.152,91.752,61.201,1.11,气层,气层优势类
靖32,3878.5,15.986,36.703,167.088,22.0,2.704,10.211,3.099,95.707,55.685,1.12,气层,气层优势类
靖32,3878.625,16.047,36.633,168.402,22.0,2.701,10.019,3.087,101.354,50.832,1.12,气层,气层优势类
靖32,3878.75,16.594,36.682,169.622,22.0,2.699,9.856,3.093,106.128,46.726,1.12,气层,气层优势类
靖32,3878.875,17.319,36.779,170.659,22.0,2.696,9.707,3.115,111.199,44.828,1.13,气层,气层优势类
靖32,3879.0,18.983,36.701,170.711,22.0,2.701,9.541,3.149,117.908,47.823,1.14,气层,气层优势类
靖32,3879.125,19.59,36.63,169.533,22.0,2.706,9.336,3.188,123.336,52.064,1.15,气层,气层优势类
靖32,3879.25,19.317,36.53,168.037,22.0,2.706,9.125,3.225,128.52,54.716,1.16,气层,气层优势类
靖32,3879.375,19.984,36.404,166.228,22.0,2.711,8.954,3.255,136.69,57.846,1.17,气层,气层优势类
靖32,3879.5,20.103,36.3,163.865,22.0,2.716,8.822,3.279,143.964,59.469,1.18,气层,气层优势类
靖32,3879.625,20.469,36.232,162.189,22.05,2.721,8.651,3.295,145.464,61.282,1.19,气层,气层优势类
靖32,3879.75,21.053,36.211,160.211,22.2,2.725,8.503,3.306,149.391,62.436,1.21,气层,气层优势类
靖32,3879.875,20.54,36.216,159.0,22.05,2.725,8.393,3.318,162.446,60.477,1.23,气层,气层优势类
靖32,3880.0,19.639,36.218,158.482,22.0,2.724,8.249,3.333,182.231,60.088,1.13,气层,气层优势类
靖32,3880.125,18.58,36.218,158.364,22.045,2.726,8.1,3.354,207.648,54.272,1.14,气层,气层优势类
靖32,3880.25,17.983,36.218,158.395,22.334,2.734,8.04,3.376,249.834,52.853,1.14,气层,气层优势类
靖32,3880.375,18.027,36.213,158.218,22.572,2.747,8.046,3.393,295.494,53.565,1.13,气层,气层优势类
靖32,3880.5,18.483,36.208,157.665,22.719,2.762,8.065,3.4,319.891,100.0,1.13,气层,气层优势类
靖32,3880.625,18.644,36.257,156.964,22.396,2.773,8.029,3.392,332.777,100.0,1.13,气层,气层优势类
靖32,3880.75,18.696,36.388,155.948,22.225,2.779,7.941,3.372,343.527,100.0,1.13,气层,气层优势类
靖32,3880.875,18.277,36.6,155.145,22.2,2.78,7.868,3.344,360.088,100.0,1.13,气层,气层优势类
靖32,3881.0,17.879,36.893,154.28,22.2,2.78,7.798,3.313,392.15,100.0,1.14,气层,气层优势类
郝39-1,3983.125,24.086,55.656,174.555,22.673,2.697,10.921,3.259,242.953,71.244,1.11,气层,气层优势类
郝39-1,3983.25,23.841,55.642,174.474,22.662,2.696,11.095,3.299,238.133,70.596,1.11,气层,气层优势类
郝39-1,3983.375,23.943,55.635,174.63,22.487,2.691,11.42,3.354,221.306,69.325,1.11,气层,气层优势类
郝39-1,3983.5,24.223,55.634,175.244,22.37,2.686,11.789,3.41,199.304,68.715,1.11,气层,气层优势类
郝39-1,3983.625,24.276,55.637,176.352,22.362,2.682,12.12,3.443,176.549,68.791,1.11,气层,气层优势类
郝39-1,3983.75,23.86,55.642,177.537,22.395,2.682,12.35,3.438,157.333,69.592,1.11,气层,气层优势类
郝39-1,3983.875,23.064,55.65,177.95,22.419,2.686,12.443,3.405,148.311,70.628,1.11,气层,气层优势类
郝39-1,3984.0,22.649,55.658,177.336,22.39,2.692,12.45,3.364,151.077,71.276,1.11,气层,气层优势类
郝39-1,3984.125,22.985,55.667,176.006,22.318,2.698,12.421,3.337,164.586,71.32,1.11,气层,气层优势类
郝39-1,3984.25,23.88,55.675,174.657,22.205,2.702,12.406,3.342,184.377,70.681,1.11,气层,气层优势类
郝39-1,3984.375,24.595,55.683,174.132,22.131,2.702,12.481,3.375,201.864,69.148,1.11,气层,气层优势类
郝39-1,3984.5,24.585,55.691,174.61,22.163,2.697,12.691,3.415,209.331,66.811,1.11,气层,气层优势类
郝39-1,3984.625,23.99,55.697,175.998,22.229,2.69,13.065,3.45,204.767,64.218,1.11,气层,气层优势类
郝39-1,3984.75,23.257,55.703,178.002,22.284,2.683,13.569,3.452,192.225,62.097,1.11,气层,气层优势类
郝39-1,3984.875,22.822,55.708,180.042,22.3,2.68,14.03,3.431,178.98,61.147,1.11,气层,气层优势类
郝39-1,3985.0,22.676,55.713,181.355,22.257,2.68,14.237,3.42,172.146,61.21,1.11,气层,气层优势类
靖38-2,4116.0,35.006,28.311,171.911,21.989,2.697,4.105,4.613,153.154,100.0,1.18,气层,气层优势类
靖38-2,4116.125,29.322,28.368,167.868,21.904,2.689,5.271,4.412,129.786,100.0,1.13,气层,气层优势类
靖38-2,4116.25,25.106,28.463,165.408,21.751,2.685,6.838,4.134,117.065,86.969,1.08,气层,气层优势类
靖38-2,4116.375,21.971,28.591,165.843,21.661,2.683,8.329,3.786,108.227,62.982,1.05,气层,气层优势类
靖38-2,4116.5,19.745,28.748,168.278,21.676,2.677,9.314,3.387,99.657,54.287,1.01,气层,气层优势类
靖38-2,4116.625,17.97,28.93,171.29,21.668,2.666,9.705,3.037,91.304,50.228,0.98,气层,气层优势类
靖38-2,4116.75,16.504,29.125,173.32,21.655,2.653,9.834,2.888,84.479,47.891,0.952,气层,气层优势类
靖38-2,4116.875,15.668,29.326,173.965,21.684,2.642,10.042,2.879,79.73,48.581,0.929,气层,气层优势类
靖38-2,4117.0,15.705,29.521,174.129,21.693,2.641,10.26,2.906,77.004,46.948,0.914,气层,气层优势类
靖38-2,4117.125,16.517,29.705,175.311,21.69,2.648,10.267,2.934,75.741,53.012,0.905,气层,气层优势类
靖38-2,4117.25,17.819,29.869,177.769,21.725,2.654,10.174,2.949,75.059,58.504,0.903,气层,气层优势类
靖38-2,4117.375,19.559,30.007,179.229,21.764,2.649,10.203,2.964,74.122,60.446,0.905,气层,气层优势类
靖38-2,4117.5,21.608,30.117,179.75,21.743,2.639,10.389,2.971,72.589,61.407,0.911,气层,气层优势类
靖38-2,4117.625,23.524,30.197,180.884,21.714,2.635,10.64,2.962,71.095,57.035,0.92,气层,气层优势类
靖38-2,4117.75,24.309,30.247,180.541,21.724,2.642,10.893,2.947,71.341,55.396,0.932,气层,气层优势类
靖38-2,4117.875,23.22,30.271,178.503,21.754,2.651,11.104,2.902,74.933,56.333,0.948,气层,气层优势类
靖38-2,4118.0,20.843,30.269,180.106,21.791,2.649,11.08,2.842,82.854,56.188,0.967,气层,气层优势类
靖61-3,4239.0,15.894,53.34,160.863,22.978,2.77,10.093,2.66,106.579,49.309,1.06,气层,气层优势类
靖61-3,4239.125,15.493,52.888,161.021,22.936,2.781,10.422,2.639,107.003,48.93,1.06,气层,气层优势类
靖61-3,4239.25,15.691,52.443,161.471,22.858,2.782,10.751,2.638,109.326,44.261,1.06,气层,气层优势类
靖61-3,4239.375,16.004,52.02,162.071,22.797,2.772,11.054,2.621,112.467,40.752,1.06,气层,气层优势类
靖61-3,4239.5,15.844,51.622,162.829,22.858,2.754,11.344,2.606,116.553,36.379,1.06,气层,气层优势类
靖61-3,4239.625,15.171,51.265,163.836,22.96,2.737,11.576,2.651,121.589,34.253,1.06,气层,气层优势类
靖61-3,4239.75,14.697,50.95,164.983,23.061,2.712,11.649,2.82,125.021,31.774,1.06,气层,气层优势类
靖61-3,4239.875,14.832,50.678,166.057,23.135,2.69,11.513,2.975,124.373,29.857,1.06,气层,气层优势类
靖61-3,4240.0,15.587,50.449,166.838,23.153,2.686,11.228,3.023,120.779,29.916,1.06,气层,气层优势类
靖61-3,4240.125,16.698,50.271,167.077,23.16,2.698,10.885,3.022,120.438,31.316,1.06,气层,气层优势类
靖61-3,4240.25,17.396,50.131,166.814,23.189,2.716,10.547,2.983,126.731,33.76,1.06,气层,气层优势类
靖61-3,4240.375,17.027,50.028,166.104,23.236,2.74,10.236,2.868,137.395,37.189,1.06,气层,气层优势类
靖61-3,4240.5,15.667,49.957,165.042,23.282,2.757,9.987,2.785,147.696,39.982,1.06,气层,气层优势类
靖61-3,4240.625,14.286,49.92,163.73,23.316,2.746,9.823,2.905,153.636,40.838,1.06,气层,气层优势类
靖61-3,4240.75,13.749,49.908,162.299,23.304,2.719,9.664,3.125,158.112,37.746,1.06,气层,气层优势类
靖61-3,4240.875,13.975,49.917,160.815,23.228,2.695,9.381,3.214,169.218,36.252,1.06,气层,气层优势类
靖61-3,4241.0,14.683,49.948,159.35,23.161,2.682,8.842,3.214,198.186,35.55,1.06,气层,气层优势类
靖89,3847.0,11.903,73.28,167.877,22.17,2.76,8.458,3.298,73.888,70.154,1.11,气层,气层优势类
靖89,3847.125,12.088,73.175,169.708,22.256,2.757,8.772,3.287,73.506,72.005,1.11,气层,气层优势类
靖89,3847.25,13.374,73.076,171.905,22.265,2.758,8.91,3.269,76.093,73.706,1.11,气层,气层优势类
靖89,3847.375,15.532,72.986,173.07,22.217,2.765,8.809,3.23,82.07,75.413,1.11,气层,气层优势类
靖89,3847.5,17.087,72.904,172.35,22.115,2.775,8.465,3.186,90.435,76.333,1.11,气层,气层优势类
靖89,3847.625,16.671,72.831,170.294,21.982,2.785,8.004,3.176,97.708,84.605,1.11,气层,气层优势类
靖89,3847.75,14.727,72.766,168.128,21.885,2.789,7.645,3.226,101.686,97.078,1.11,气层,气层优势类
靖89,3847.875,13.277,72.71,167.228,21.932,2.788,7.539,3.294,102.895,97.287,1.11,气层,气层优势类
靖89,3848.0,13.055,72.664,168.164,22.096,2.78,7.679,3.348,102.812,98.633,1.11,气层,气层优势类
靖89,3848.125,12.946,72.627,170.282,22.187,2.772,7.972,3.384,101.44,90.502,1.11,气层,气层优势类
靖89,3848.25,12.899,72.598,172.662,22.179,2.765,8.317,3.419,97.953,77.444,1.11,气层,气层优势类
靖89,3848.375,13.286,72.579,174.469,22.186,2.758,8.652,3.465,92.3,75.715,1.11,气层,气层优势类
靖89,3848.5,13.672,72.569,175.388,22.239,2.751,8.964,3.481,85.801,67.165,1.11,气层,气层优势类
靖89,3848.625,13.266,72.566,175.687,22.232,2.744,9.245,3.453,80.711,56.554,1.11,气层,气层优势类
靖89,3848.75,12.678,72.572,175.638,22.211,2.74,9.463,3.392,78.86,53.749,1.11,气层,气层优势类
靖89,3848.875,12.843,72.585,175.249,22.248,2.743,9.552,3.329,82.239,50.373,1.11,气层,气层优势类
靖89,3849.0,13.595,72.606,174.234,22.362,2.751,9.428,3.302,93.056,46.551,1.11,气层,气层优势类
靖110-2,3853.0,19.63,55.529,164.27,23.216,2.754,1.664,3.28,113.069,31.718,1.16,气层,气层优势类
靖110-2,3853.125,17.516,55.476,165.383,22.43,2.749,1.699,3.267,81.695,36.848,1.16,气层,气层优势类
靖110-2,3853.25,17.763,55.418,166.741,21.957,2.747,1.759,3.25,60.092,42.316,1.15,气层,气层优势类
靖110-2,3853.375,18.345,55.366,168.299,21.908,2.748,1.81,3.232,47.778,46.906,1.15,气层,气层优势类
靖110-2,3853.5,18.451,55.334,169.923,21.991,2.748,1.868,3.215,42.043,49.45,1.14,气层,气层优势类
靖110-2,3853.625,18.09,55.325,171.362,21.869,2.745,1.917,3.202,40.234,49.884,1.14,气层,气层优势类
靖110-2,3853.75,17.352,55.337,172.386,21.588,2.74,1.965,3.197,41.307,48.573,1.14,气层,气层优势类
靖110-2,3853.875,17.341,55.361,172.851,21.44,2.734,1.997,3.197,43.722,46.86,1.15,气层,气层优势类
靖110-2,3854.0,18.04,55.387,172.797,21.597,2.728,1.999,3.2,45.869,45.844,1.15,气层,气层优势类
靖110-2,3854.125,17.896,55.409,172.465,22.03,2.722,1.953,3.201,47.234,45.353,1.15,气层,气层优势类
靖110-2,3854.25,16.973,55.426,172.047,22.868,2.718,1.861,3.197,47.934,45.37,1.15,气层,气层优势类
靖110-2,3854.375,16.004,55.439,171.65,24.161,2.714,1.784,3.185,47.514,46.025,1.15,气层,气层优势类
靖110-2,3854.5,15.729,55.445,171.232,25.49,2.712,1.76,3.167,46.347,46.905,1.15,气层,气层优势类
靖110-2,3854.625,16.244,55.44,170.628,26.274,2.71,1.797,3.143,45.783,47.181,1.15,气层,气层优势类
靖110-2,3854.75,16.862,55.424,169.657,26.475,2.706,1.837,3.118,46.636,46.518,1.15,气层,气层优势类
靖110-2,3854.875,17.271,55.401,168.206,26.539,2.699,1.805,3.093,49.448,45.349,1.15,气层,气层优势类
靖110-2,3855.0,17.599,55.377,166.37,26.865,2.694,1.697,3.072,54.51,43.993,1.15,气层,气层优势类
延936,3830.0,20.959,73.496,168.409,22.658,2.701,6.801,2.777,101.624,56.131,0.996,气层,气层优势类
延936,3830.125,21.194,73.355,169.044,22.86,2.689,7.096,2.79,103.988,55.058,0.994,气层,气层优势类
延936,3830.25,22.474,73.239,168.304,23.131,2.67,7.31,2.841,110.08,43.94,0.992,气层,气层优势类
延936,3830.375,23.442,73.147,166.663,23.506,2.648,7.449,2.923,118.029,39.452,0.993,气层,气层优势类
延936,3830.5,22.85,73.082,164.915,23.935,2.629,7.528,3.024,131.198,37.514,0.999,气层,气层优势类
延936,3830.625,22.419,73.047,163.895,24.173,2.62,7.56,3.129,145.564,36.045,1,气层,气层优势类
延936,3830.75,22.379,73.039,163.687,24.101,2.619,7.564,3.216,158.966,34.216,1.02,气层,气层优势类
延936,3830.875,22.428,73.056,164.018,23.884,2.624,7.547,3.275,171.749,33.261,1.03,气层,气层优势类
延936,3831.0,21.299,73.098,164.536,23.785,2.634,7.504,3.299,181.714,32.648,1.05,气层,气层优势类
延936,3831.125,21.298,73.167,164.905,23.931,2.644,7.406,3.287,189.638,32.247,1.06,气层,气层优势类
延936,3831.25,21.86,73.253,165.021,24.076,2.65,7.241,3.258,203.819,35.795,1.08,气层,气层优势类
延936,3831.375,22.306,73.358,164.834,23.977,2.648,7.012,3.225,231.142,35.242,1.11,气层,气层优势类
延936,3831.5,21.02,73.477,164.3,23.538,2.641,6.744,3.2,280.948,32.816,1.14,气层,气层优势类
延936,3831.625,19.85,73.587,163.449,22.924,2.637,6.463,3.185,367.585,30.093,1.18,气层,气层优势类
延936,3831.75,20.677,73.782,162.374,22.435,2.646,6.181,3.185,460.553,31.085,1.22,气层,气层优势类
延936,3831.875,20.48,73.995,161.222,22.199,2.669,5.898,3.212,627.565,30.531,1.24,气层,气层优势类
延936,3832.0,19.791,74.222,160.074,22.157,2.7,5.625,3.273,813.072,86.114,1.24,气层,气层优势类
延938-5,4290.0,27.962,49.999,164.64,21.939,2.721,5.999,3.421,295.002,100.0,1.08,气层,气层优势类
延938-5,4290.125,31.002,49.801,166.181,21.985,2.708,6.39,3.361,249.984,100.0,1.08,气层,气层优势类
延938-5,4290.25,32.012,49.631,168.007,22.04,2.694,6.583,3.316,229.713,100.0,1.08,气层,气层优势类
延938-5,4290.375,30.427,49.489,169.696,22.091,2.682,6.704,3.288,219.442,83.7,1.08,气层,气层优势类
延938-5,4290.5,27.573,49.372,170.926,22.128,2.673,6.835,3.278,211.261,72.251,1.08,气层,气层优势类
延938-5,4290.625,25.481,49.285,171.595,22.148,2.668,6.964,3.282,203.724,72.224,1.08,气层,气层优势类
延938-5,4290.75,24.933,49.23,171.827,22.155,2.666,7.082,3.3,196.166,73.183,1.08,气层,气层优势类
延938-5,4290.875,25.459,49.205,171.795,22.154,2.67,7.188,3.332,186.013,74.19,1.08,气层,气层优势类
延938-5,4291.0,26.07,49.212,171.647,22.149,2.677,7.316,3.372,175.19,74.557,1.08,气层,气层优势类
延938-5,4291.125,26.001,49.257,171.484,22.145,2.684,7.497,3.414,164.602,64.545,1.08,气层,气层优势类
延938-5,4291.25,25.147,49.34,171.341,22.141,2.689,7.7,3.452,154.524,57.548,1.08,气层,气层优势类
延938-5,4291.375,24.64,49.459,171.211,22.137,2.692,7.862,3.476,145.234,57.253,1.08,气层,气层优势类
延938-5,4291.5,25.269,49.612,171.057,22.132,2.69,7.938,3.482,135.979,56.135,1.08,气层,气层优势类
延938-5,4291.625,26.232,49.801,170.705,22.122,2.683,7.922,3.468,126.49,54.624,1.07,气层,气层优势类
延938-5,4291.75,26.038,50.018,169.956,22.099,2.672,7.838,3.438,118.568,53.592,1.07,气层,气层优势类
延938-5,4291.875,24.39,50.255,168.776,22.063,2.669,7.712,3.398,115.434,62.502,1.07,气层,气层优势类
延938-5,4292.0,23.565,50.505,167.269,22.018,2.68,7.57,3.354,117.835,71.163,1.07,气层,气层优势类
延1195,3970.0,16.449,46.489,159.588,22.085,2.74,11.005,3.344,88.514,29.716,1.05,气层,气层优势类
延1195,3970.125,17.982,46.442,161.857,22.185,2.719,11.399,3.365,73.352,25.829,1.05,气层,气层优势类
延1195,3970.25,19.373,46.419,164.4,22.403,2.698,11.765,3.36,60.719,24.237,1.05,气层,气层优势类
延1195,3970.375,20.175,46.412,166.691,22.698,2.689,12.207,3.352,53.055,21.878,1.06,气层,气层优势类
延1195,3970.5,19.747,46.419,168.208,22.967,2.694,12.427,3.344,50.168,22.199,1.06,气层,气层优势类
延1195,3970.625,18.4,46.434,169.199,23.042,2.704,12.185,3.346,50.955,26.393,1.07,气层,气层优势类
延1195,3970.75,17.119,46.469,169.593,22.884,2.708,11.762,3.35,54.235,28.371,1.07,气层,气层优势类
延1195,3970.875,17.001,46.495,169.527,22.616,2.706,11.645,3.329,58.377,31.731,1.07,气层,气层优势类
延1195,3971.0,17.39,46.521,170.25,22.473,2.701,11.89,3.336,62.572,30.008,1.07,气层,气层优势类
延1195,3971.125,17.765,46.547,172.263,22.498,2.696,12.12,3.337,65.92,28.525,1.06,气层,气层优势类
延1195,3971.25,18.013,46.572,175.318,22.581,2.69,11.92,3.31,67.639,26.751,1.06,气层,气层优势类
延1195,3971.375,18.078,46.597,177.917,22.627,2.681,11.643,3.336,67.192,26.576,1.06,气层,气层优势类
延1195,3971.5,17.969,46.622,178.775,22.658,2.664,11.781,3.381,64.937,26.893,1.06,气层,气层优势类
延1195,3971.625,17.713,46.647,177.73,22.726,2.639,12.24,3.389,62.031,25.393,1.06,气层,气层优势类
延1195,3971.75,17.238,46.674,175.382,22.798,2.616,12.413,3.384,60.038,25.45,1.07,气层,气层优势类
延1195,3971.875,16.684,46.703,171.355,22.812,2.609,11.983,3.377,60.854,28.305,1.08,气层,气层优势类
延1195,3972.0,16.15,46.738,166.004,22.763,2.627,11.349,3.375,65.631,29.497,1.08,气层,气层优势类
靖43-2,4109.5,31.92,69.93,163.52,23.882,2.74,8.677,3.455,339.153,100.0,1.29,含气层,气层优势类
靖43-2,4109.625,28.717,68.763,159.699,23.867,2.756,7.972,3.344,421.73,100.0,1.24,含气层,气层优势类
靖43-2,4109.75,26.776,67.543,157.503,23.842,2.775,6.94,3.286,449.284,100.0,1.19,含气层,气层优势类
靖43-2,4109.875,25.798,66.34,156.775,23.748,2.79,5.727,3.383,410.235,100.0,1.14,含气层,气层优势类
靖43-2,4110.0,25.231,65.24,157.385,23.612,2.796,4.872,3.674,322.68,100.0,1.09,含气层,气层优势类
靖43-2,4110.125,25.047,64.263,159.584,23.508,2.795,4.754,3.969,232.646,100.0,1.04,含气层,气层优势类
靖43-2,4110.25,25.417,63.422,163.175,23.428,2.787,5.299,4.089,162.978,100.0,1,含气层,气层优势类
靖43-2,4110.375,25.914,62.736,167.118,23.476,2.781,5.898,3.988,120.691,100.0,0.98,含气层,气层优势类
靖43-2,4110.5,25.964,62.193,170.963,23.575,2.774,5.918,3.826,96.114,100.0,0.965,含气层,气层优势类
靖72-2,4133.0,40.289,43.873,159.414,22.462,2.699,4.753,3.662,215.815,100.0,1.06,含气层,气层优势类
靖72-2,4133.125,38.539,43.591,161.315,22.45,2.708,4.506,3.422,146.013,100.0,1.06,含气层,气层优势类
靖72-2,4133.25,35.754,43.139,163.127,22.367,2.715,5.137,3.3,114.049,76.509,1.06,含气层,气层优势类
靖72-2,4133.375,33.278,42.654,164.231,22.288,2.719,6.636,3.282,106.806,67.342,1.06,含气层,气层优势类
靖72-2,4133.5,32.524,42.378,165.729,22.142,2.724,7.623,3.317,106.086,60.673,1.06,含气层,气层优势类
靖72-2,4133.625,32.247,41.947,166.045,22.086,2.728,8.995,3.353,107.191,58.033,1.06,含气层,气层优势类
靖72-2,4133.75,31.894,41.683,165.106,22.096,2.738,9.632,3.432,106.346,62.524,1.06,含气层,气层优势类
靖72-2,4133.875,30.285,41.271,164.188,22.079,2.743,9.989,3.487,97.437,65.56,1.06,含气层,气层优势类
靖72-2,4134.0,28.584,40.839,164.132,22.049,2.744,9.893,3.494,89.729,69.647,1.06,含气层,气层优势类
延929-2,4192.0,18.31,39.187,178.076,22.372,2.691,10.094,3.17,285.988,46.031,1.06,含气层,气层优势类
延929-2,4192.125,18.045,38.691,180.278,22.456,2.672,10.408,3.187,292.088,45.016,1.06,含气层,气层优势类
延929-2,4192.25,17.822,38.249,181.466,22.549,2.651,10.746,3.198,288.566,44.395,1.06,含气层,气层优势类
延929-2,4192.375,17.685,37.846,181.583,22.604,2.632,11.0,3.201,282.146,43.314,1.06,含气层,气层优势类
延929-2,4192.5,17.54,37.466,180.783,22.604,2.607,11.114,3.193,279.408,42.739,1.06,含气层,气层优势类
延929-2,4192.625,17.131,37.098,179.341,22.561,2.592,11.095,3.198,283.792,42.782,1.06,含气层,气层优势类
延929-2,4192.75,16.549,36.738,177.755,22.521,2.591,11.044,3.267,291.52,42.806,1.06,含气层,气层优势类
延929-2,4192.875,16.234,36.388,176.301,22.557,2.599,11.017,3.385,298.414,42.291,1.06,含气层,气层优势类
延929-2,4193.0,16.735,36.046,175.135,22.688,2.612,11.033,3.463,307.387,41.397,1.06,含气层,气层优势类
延929-2,4193.125,17.613,35.717,174.342,22.832,2.623,11.083,3.455,326.756,40.208,1.06,含气层,气层优势类
延929-2,4193.25,17.951,35.402,173.767,22.926,2.63,11.119,3.422,356.777,38.648,1.06,含气层,气层优势类
延929-2,4193.375,17.732,35.104,173.205,22.951,2.632,11.11,3.385,392.574,36.82,1.06,含气层,气层优势类
延929-2,4193.5,17.459,34.823,172.365,22.909,2.631,11.05,3.374,434.189,34.674,1.06,含气层,气层优势类
延929-2,4193.625,18.043,34.56,170.792,22.809,2.63,10.98,3.466,485.631,32.181,1.06,含气层,气层优势类
延929-2,4193.75,19.33,34.315,168.411,22.726,2.63,10.925,3.639,541.012,29.347,1.06,含气层,气层优势类
延929-2,4193.875,20.61,34.091,165.376,22.711,2.631,10.822,3.753,591.969,26.479,1.06,含气层,气层优势类
延929-2,4194.0,21.349,33.884,162.154,22.724,2.636,10.562,3.661,635.983,26.915,1.06,含气层,气层优势类
延931,3714.0,30.425,61.47,178.793,22.129,2.705,7.799,3.191,948.217,52.771,1.11,含气层,气层优势类
延931,3714.125,24.494,60.19,178.193,22.112,2.665,7.285,2.95,510.964,35.917,1.11,含气层,气层优势类
延931,3714.25,22.844,58.9,177.955,22.065,2.629,7.325,2.746,316.21,26.502,1.11,含气层,气层优势类
延931,3714.375,22.958,57.627,178.308,22.005,2.599,7.925,2.69,231.233,24.999,1.11,含气层,气层优势类
延931,3714.5,23.594,56.383,178.95,21.975,2.578,8.846,2.728,202.062,24.207,1.11,含气层,气层优势类
延945,3959.0,29.148,70.037,164.086,22.22,2.723,2.043,4.111,375.485,100.0,0.986,含气层,气层优势类
延945,3959.125,24.986,69.796,164.132,22.322,2.727,2.311,4.071,378.327,100.0,0.977,含气层,气层优势类
延945,3959.25,22.068,69.575,164.483,22.43,2.73,2.76,4.037,309.349,100.0,0.97,含气层,气层优势类
延945,3959.375,20.328,69.37,165.09,22.507,2.732,3.48,4.015,226.846,100.0,0.967,含气层,气层优势类
延945,3959.5,19.17,69.18,165.809,22.577,2.732,4.528,3.989,167.579,80.143,0.97,含气层,气层优势类
延945,3959.625,18.259,69.006,166.431,22.608,2.732,5.803,3.95,140.403,74.037,0.975,含气层,气层优势类
延945,3959.75,18.048,68.844,166.85,22.59,2.729,7.146,3.89,131.509,72.751,0.98,含气层,气层优势类
延945,3959.875,19.13,68.696,167.055,22.556,2.728,8.289,3.809,134.77,73.082,0.983,含气层,气层优势类
延945,3960.0,20.771,68.563,167.12,22.521,2.73,8.985,3.703,144.315,75.177,0.984,含气层,气层优势类
延945,3960.125,21.298,68.444,167.133,22.512,2.733,9.108,3.516,153.069,79.55,0.983,含气层,气层优势类
延945,3960.25,19.994,68.34,167.116,22.512,2.735,8.846,3.277,154.969,78.924,0.98,含气层,气层优势类
延945,3960.375,17.837,68.253,167.049,22.512,2.734,8.523,3.11,148.699,72.98,0.979,含气层,气层优势类
延945,3960.5,15.905,68.184,166.887,22.529,2.73,8.421,3.029,137.75,65.845,0.978,含气层,气层优势类
延945,3960.625,14.7,68.138,166.562,22.578,2.724,8.566,2.993,127.322,63.315,0.98,含气层,气层优势类
延945,3960.75,14.018,68.118,166.059,22.651,2.721,8.792,2.99,121.31,58.188,0.982,含气层,气层优势类
延945,3960.875,13.75,68.128,165.386,22.716,2.724,8.899,2.999,120.497,56.092,0.984,含气层,气层优势类
延945,3961.0,13.768,68.177,164.529,22.749,2.734,8.874,3.003,124.364,57.82,0.985,含气层,气层优势类
延945,3961.125,13.84,68.267,163.53,22.782,2.747,8.707,3.008,130.196,59.688,0.984,含气层,气层优势类
延945,3961.25,14.135,68.405,162.434,22.802,2.761,8.427,3.034,136.221,60.235,0.984,含气层,气层优势类
延945,3961.375,14.895,68.601,161.366,22.816,2.772,8.182,3.081,141.587,60.117,0.983,含气层,气层优势类
延945,3961.5,15.877,68.855,160.519,22.777,2.782,8.006,3.072,147.22,60.542,0.984,含气层,气层优势类
延945,3961.625,16.799,69.172,160.182,22.712,2.79,7.883,2.955,155.154,62.476,0.985,含气层,气层优势类
延945,3961.75,17.404,69.554,160.581,22.62,2.796,7.735,2.887,167.771,64.572,0.986,含气层,气层优势类
延945,3961.875,17.854,69.994,161.661,22.554,2.801,7.559,2.843,185.781,66.114,0.986,含气层,气层优势类
延945,3962.0,18.574,70.491,163.269,22.516,2.803,7.341,2.803,209.949,69.262,0.986,含气层,气层优势类
延991-3,4176.5,26.39,87.386,171.917,22.3,2.753,1.582,3.338,290.875,47.461,1.17,含气层,气层优势类
延991-3,4176.625,25.356,87.234,173.91,22.353,2.746,1.587,3.338,99.417,71.326,1.17,含气层,气层优势类
延991-3,4176.75,23.583,87.098,175.219,22.386,2.742,1.597,3.339,56.913,89.022,1.17,含气层,气层优势类
延991-3,4176.875,22.058,86.98,175.548,22.395,2.737,1.62,3.342,39.618,100.0,1.16,含气层,气层优势类
延991-3,4177.0,21.271,86.877,175.01,22.379,2.732,1.656,3.344,32.169,100.0,1.16,含气层,气层优势类
延991-3,4177.125,20.779,86.789,173.927,22.348,2.73,1.711,3.347,29.609,100.0,1.16,含气层,气层优势类
延991-3,4177.25,20.064,86.716,172.807,22.316,2.728,1.803,3.35,29.747,100.0,1.16,含气层,气层优势类
延991-3,4177.375,19.251,86.659,172.241,22.301,2.728,1.937,3.353,31.356,100.0,1.16,含气层,气层优势类
延991-3,4177.5,18.763,86.617,172.285,22.305,2.73,2.103,3.359,33.088,100.0,1.16,含气层,气层优势类
延991-3,4177.625,18.752,86.588,172.672,22.318,2.732,2.271,3.366,34.482,100.0,1.16,含气层,气层优势类
延991-3,4177.75,19.291,86.574,172.985,22.327,2.734,2.38,3.373,35.797,99.769,1.16,含气层,气层优势类
延991-3,4177.875,20.463,86.576,172.933,22.325,2.735,2.394,3.376,37.566,98.491,1.16,含气层,气层优势类
延991-3,4178.0,21.84,86.594,172.531,22.314,2.738,2.313,3.375,39.803,97.533,1.16,含气层,气层优势类
延991-3,4178.125,22.76,86.627,171.931,22.299,2.741,2.167,3.372,42.377,96.52,1.16,含气层,气层优势类
延991-3,4178.25,22.801,86.678,171.279,22.281,2.745,2.03,3.368,45.163,94.717,1.16,含气层,气层优势类
延991-3,4178.375,22.146,86.748,170.709,22.267,2.75,1.948,3.366,47.789,92.199,1.16,含气层,气层优势类
延991-3,4178.5,21.465,86.837,170.237,22.255,2.756,1.939,3.366,49.808,89.857,1.17,含气层,气层优势类
横4-3,3496.0,38.696,72.105,155.012,23.574,2.762,8.244,2.937,192.499,100.0,1.13,含气层,气层优势类
横4-3,3496.125,28.178,71.917,152.804,23.676,2.739,7.316,3.307,268.564,83.464,1.14,含气层,气层优势类
横4-3,3496.25,22.326,71.732,154.63,23.795,2.716,7.14,3.695,310.099,58.608,1.15,含气层,气层优势类
横4-3,3496.375,18.848,71.549,157.132,23.928,2.698,7.271,3.848,312.345,32.597,1.15,含气层,气层优势类
横4-3,3496.5,17.524,71.367,158.782,24.074,2.682,7.427,3.767,288.77,22.977,1.15,含气层,气层优势类
横4-3,3496.625,17.702,71.186,159.003,24.212,2.671,7.549,3.648,257.868,21.912,1.16,含气层,气层优势类
横4-3,3496.75,18.292,71.007,157.898,24.327,2.667,7.707,3.577,225.105,22.841,1.16,含气层,气层优势类
横4-3,3496.875,18.672,70.834,156.018,24.406,2.67,7.862,3.509,194.039,24.724,1.16,含气层,气层优势类
横4-3,3497.0,18.75,70.664,155.588,24.463,2.679,7.936,3.359,169.804,27.881,1.16,含气层,气层优势类
横4-3,3497.125,18.605,70.508,157.286,24.518,2.693,7.985,3.154,153.513,29.716,1.16,含气层,气层优势类
横4-3,3497.25,18.418,70.382,159.788,24.613,2.708,8.155,3.03,142.851,30.124,1.16,含气层,气层优势类
横4-3,3497.375,18.4,70.277,161.93,24.776,2.716,8.442,3.004,133.386,28.696,1.16,含气层,气层优势类
横4-3,3497.5,18.872,70.194,162.97,25.015,2.715,8.717,3.009,124.25,27.361,1.16,含气层,气层优势类
横4-3,3497.625,19.767,70.129,162.162,25.302,2.705,8.899,3.061,116.693,26.427,1.15,含气层,气层优势类
横4-3,3497.75,20.433,70.072,161.267,25.548,2.69,8.997,3.189,110.991,25.734,1.15,含气层,气层优势类
横4-3,3497.875,20.639,70.015,161.556,25.677,2.673,9.008,3.402,106.775,25.608,1.15,含气层,气层优势类
横4-3,3498.0,20.65,69.954,162.228,25.693,2.66,9.013,3.631,103.637,25.11,1.15,含气层,气层优势类
靖93,3620.0,17.591,75.305,173.393,20.979,2.772,7.186,3.332,217.521,34.772,1.17,含气层,气层优势类
靖93,3620.125,16.682,75.071,175.899,20.872,2.761,7.365,3.282,186.613,29.651,1.17,含气层,气层优势类
靖93,3620.25,16.867,74.845,176.296,20.809,2.751,7.578,3.238,159.353,31.092,1.17,含气层,气层优势类
靖93,3620.375,17.69,74.627,175.151,20.786,2.746,7.767,3.21,138.927,32.02,1.17,含气层,气层优势类
靖93,3620.5,18.644,74.42,172.995,20.843,2.746,7.909,3.193,126.348,32.117,1.17,含气层,气层优势类
靖93,3620.625,19.308,74.225,170.434,20.946,2.751,7.953,3.183,123.189,31.433,1.17,含气层,气层优势类
靖93,3620.75,18.765,74.046,168.158,21.097,2.756,7.853,3.172,129.717,30.547,1.17,含气层,气层优势类
靖93,3620.875,18.487,73.883,166.574,21.275,2.761,7.614,3.16,142.03,29.709,1.17,含气层,气层优势类
靖93,3621.0,18.887,73.737,165.902,21.459,2.767,7.353,3.145,158.8,28.708,1.17,含气层,气层优势类
靖93,3621.125,19.964,73.608,166.142,21.544,2.775,7.17,3.128,177.902,28.535,1.17,含气层,气层优势类
靖93,3621.25,21.668,73.501,167.505,21.534,2.785,7.127,3.111,191.428,35.579,1.17,含气层,气层优势类
靖93,3621.375,22.652,73.413,169.649,21.507,2.794,7.206,3.09,194.406,35.491,1.17,含气层,气层优势类
靖93,3621.5,22.076,73.344,171.791,21.518,2.8,7.29,3.069,189.43,28.179,1.17,含气层,气层优势类
靖93,3621.625,20.439,73.293,172.824,21.595,2.8,7.294,3.048,182.537,28.124,1.17,含气层,气层优势类
靖93,3621.75,19.293,73.264,171.443,21.749,2.795,7.178,3.03,179.872,28.083,1.17,含气层,气层优势类
靖93,3621.875,18.984,73.252,168.099,21.935,2.787,6.967,3.025,184.805,27.99,1.17,含气层,气层优势类
靖93,3622.0,19.3,73.256,163.893,22.099,2.781,6.763,3.037,197.843,34.077,1.17,含气层,气层优势类
延919,3817.0,16.229,24.523,165.674,21.368,2.682,7.614,3.081,90.998,100.0,0.963,含气层,气层优势类
延919,3817.125,16.281,23.506,164.975,21.367,2.66,7.687,3.058,85.678,100.0,0.959,含气层,气层优势类
延919,3817.25,18.647,22.579,164.521,21.364,2.648,7.723,3.053,78.795,100.0,0.953,含气层,气层优势类
延919,3817.375,20.997,21.775,164.326,21.361,2.647,7.736,3.05,74.994,100.0,0.954,含气层,气层优势类
延919,3817.5,20.949,21.121,164.351,21.369,2.656,7.658,3.042,76.567,100.0,0.952,含气层,气层优势类
延919,3817.625,21.054,20.648,164.461,21.373,2.673,7.496,3.027,76.433,100.0,0.951,含气层,气层优势类
延919,3817.75,20.428,20.327,164.447,21.382,2.691,7.286,3.011,77.387,100.0,0.954,含气层,气层优势类
延919,3817.875,18.853,20.15,164.175,21.39,2.708,7.064,3.005,80.034,100.0,0.956,含气层,气层优势类
延919,3818.0,17.291,20.109,163.611,21.397,2.724,6.893,3.014,83.365,100.0,0.96,含气层,气层优势类
延919,3818.125,18.513,20.203,162.797,21.396,2.736,6.729,3.046,86.679,100.0,0.966,含气层,气层优势类
延919,3818.25,20.199,20.398,161.907,21.394,2.74,6.548,3.093,90.591,100.0,0.974,含气层,气层优势类
延919,3818.375,20.388,20.692,161.039,21.402,2.734,6.376,3.146,93.63,100.0,0.978,含气层,气层优势类
延919,3818.5,19.468,21.08,160.238,21.401,2.723,6.247,3.195,95.716,100.0,0.98,含气层,气层优势类
延919,3818.625,19.066,21.573,159.489,21.407,2.716,6.195,3.232,97.326,100.0,0.988,含气层,气层优势类
延919,3818.75,19.623,22.155,158.736,21.42,2.718,6.187,3.257,101.711,100.0,0.999,含气层,气层优势类
延919,3818.875,20.295,22.839,157.949,21.434,2.728,6.207,3.275,108.537,100.0,1.01,含气层,气层优势类
延919,3819.0,21.077,23.637,157.137,21.455,2.741,6.253,3.296,114.825,100.0,1.02,含气层,气层优势类
延919,3819.125,20.914,24.561,156.341,21.462,2.747,6.297,3.332,121.322,100.0,1.03,含气层,气层优势类
延919,3819.25,20.322,25.558,155.602,21.469,2.741,6.283,3.382,129.63,100.0,1.04,含气层,气层优势类
延919,3819.375,20.243,26.594,154.943,21.471,2.729,6.241,3.44,137.982,100.0,1.06,含气层,气层优势类
延919,3819.5,21.134,27.649,154.375,21.424,2.719,6.209,3.494,144.684,100.0,1.07,含气层,气层优势类
延919,3819.625,21.404,28.746,153.901,21.421,2.719,6.128,3.531,149.879,100.0,1.07,含气层,气层优势类
延919,3819.75,22.01,29.902,153.488,21.437,2.728,6.012,3.548,155.57,100.0,1.08,含气层,气层优势类
延919,3819.875,22.645,31.133,153.111,21.45,2.744,5.896,3.548,164.002,100.0,1.09,含气层,气层优势类
延919,3820.0,22.642,32.441,152.745,21.447,2.76,5.793,3.537,172.366,100.0,1.1,含气层,气层优势类
延976,3471.0,22.919,-20.383,178.141,22.168,2.692,16.054,3.041,38.237,47.342,0.945,含气层,气层优势类
延976,3471.125,22.921,-20.612,177.372,22.177,2.692,16.191,3.022,37.382,50.344,0.94,含气层,气层优势类
延976,3471.25,22.723,-20.399,174.778,22.201,2.694,15.752,3.004,38.493,43.647,0.935,含气层,气层优势类
延976,3471.375,22.432,-19.88,170.543,22.219,2.699,14.771,3.0,42.308,45.546,0.93,含气层,气层优势类
延976,3471.5,22.324,-19.524,167.861,22.221,2.712,14.272,3.0,45.561,47.825,0.927,含气层,气层优势类
延976,3471.625,22.344,-19.315,163.842,22.218,2.722,13.619,3.0,52.183,58.634,0.924,含气层,气层优势类
延976,3471.75,22.679,-18.712,160.497,22.213,2.736,13.455,2.971,60.008,65.214,0.921,含气层,气层优势类
延976,3471.875,23.001,-17.737,159.442,22.208,2.746,13.353,2.948,64.017,84.663,0.92,含气层,气层优势类
延976,3472.0,23.532,-17.072,159.76,22.192,2.749,13.338,2.944,66.418,91.036,0.915,含气层,气层优势类
延976,3472.125,23.496,-15.91,160.57,22.166,2.746,13.32,2.944,63.124,80.282,0.91,含气层,气层优势类
延976,3472.25,23.229,-14.511,162.49,22.152,2.742,13.387,2.944,59.29,62.781,0.909,含气层,气层优势类
延976,3472.375,23.069,-13.727,164.297,22.121,2.735,13.738,2.944,52.634,77.243,0.91,含气层,气层优势类
延976,3472.5,23.683,-12.902,165.21,22.102,2.729,14.051,2.944,47.4,69.948,0.915,含气层,气层优势类
延976,3472.625,24.16,-12.583,166.891,22.104,2.727,14.677,2.944,45.356,94.655,0.919,含气层,气层优势类
延976,3472.75,24.396,-12.183,167.902,22.125,2.729,15.156,2.944,43.721,100.0,0.924,含气层,气层优势类
延976,3472.875,24.022,-11.102,167.604,22.137,2.733,15.308,2.915,43.131,100.0,0.927,含气层,气层优势类
延976,3473.0,23.781,-10.089,165.891,22.153,2.736,15.404,2.893,42.861,100.0,0.933,含气层,气层优势类
延976,3473.125,23.641,-8.023,164.071,22.145,2.739,15.308,2.889,42.659,100.0,0.938,含气层,气层优势类
延976,3473.25,23.559,-5.855,163.223,22.132,2.74,14.827,2.889,42.461,100.0,0.94,含气层,气层优势类
延976,3473.375,23.297,-4.725,162.896,22.105,2.738,14.138,2.889,42.216,96.091,0.944,含气层,气层优势类
延976,3473.5,23.401,-3.122,163.077,22.108,2.732,13.823,2.889,42.96,74.647,0.948,含气层,气层优势类
延976,3473.625,23.911,-1.226,163.151,22.124,2.73,13.383,2.904,44.169,51.536,0.952,含气层,气层优势类
延976,3473.75,25.508,-0.011,161.884,22.165,2.736,12.91,2.937,48.409,53.754,0.962,含气层,气层优势类
延976,3473.875,27.213,2.056,160.524,22.199,2.755,12.516,2.959,57.213,60.062,0.978,含气层,气层优势类
延976,3474.0,28.091,4.571,157.386,22.205,2.769,11.682,2.978,64.69,72.265,0.987,含气层,气层优势类
延976,3474.125,29.105,6.231,154.118,22.192,2.788,11.154,2.996,80.161,95.765,0.998,含气层,气层优势类
延976,3474.25,29.378,9.187,152.56,22.177,2.802,11.129,3.044,90.379,100.0,1,含气层,气层优势类
延976,3474.375,29.182,11.1,150.54,22.153,2.806,11.346,3.056,104.819,100.0,1.01,含气层,气层优势类
延976,3474.5,28.51,13.801,148.474,22.16,2.809,11.375,3.055,118.286,100.0,1.02,含气层,气层优势类
延976,3474.625,27.588,16.135,147.741,22.171,2.815,11.171,3.053,125.457,100.0,1.03,含气层,气层优势类
延976,3474.75,26.97,17.34,148.416,22.191,2.82,10.663,3.043,135.164,100.0,1.04,含气层,气层优势类
延976,3474.875,26.446,19.487,150.235,22.189,2.821,10.471,2.996,143.758,100.0,1.05,含气层,气层优势类
延976,3475.0,26.466,22.397,151.193,22.176,2.813,10.298,2.943,148.276,100.0,1.05,含气层,气层优势类
延1121,3595.0,15.891,60.211,162.587,22.071,2.738,8.187,3.182,207.639,40.628,1.31,含气层,气层优势类
延1121,3595.125,16.649,60.108,164.26,22.06,2.735,7.914,3.043,183.344,38.279,1.29,含气层,气层优势类
延1121,3595.25,17.628,60.007,165.951,22.038,2.734,7.676,2.879,167.226,37.603,1.27,含气层,气层优势类
延1121,3595.375,18.355,59.907,166.738,22.007,2.735,7.564,2.862,162.388,36.792,1.27,含气层,气层优势类
延1121,3595.5,18.09,59.789,165.546,21.975,2.737,7.488,2.908,168.203,36.291,1.27,含气层,气层优势类
延1121,3595.625,17.246,59.694,163.666,21.964,2.739,7.334,2.948,178.331,39.429,1.27,含气层,气层优势类
延1121,3595.75,16.747,59.602,162.032,21.964,2.739,7.025,2.98,188.832,46.035,1.28,含气层,气层优势类
延1121,3595.875,17.125,59.513,160.925,21.967,2.739,6.737,2.995,197.327,47.94,1.29,含气层,气层优势类
延1121,3596.0,18.379,59.426,160.391,21.976,2.74,6.607,3.005,203.048,52.564,1.3,含气层,气层优势类
延1121,3596.125,19.658,59.342,160.06,21.989,2.745,6.562,3.018,207.085,58.044,1.31,含气层,气层优势类
延1121,3596.25,20.184,59.261,159.511,22.002,2.754,6.554,3.025,210.127,61.597,1.32,含气层,气层优势类
延1121,3596.375,19.394,59.183,158.447,22.015,2.761,6.498,3.014,213.868,63.728,1.34,含气层,气层优势类
延1121,3596.5,17.898,59.108,156.922,22.034,2.766,6.379,2.99,220.755,62.714,1.36,含气层,气层优势类
延1121,3596.625,16.921,59.036,155.243,22.068,2.77,6.234,2.982,232.973,72.826,1.38,含气层,气层优势类
延1121,3596.75,17.295,58.968,153.982,22.108,2.774,6.139,3.022,250.935,100.0,1.4,含气层,气层优势类
延1121,3596.875,18.546,58.903,153.215,22.143,2.777,6.128,3.102,274.171,100.0,1.43,含气层,气层优势类
延1121,3597.0,19.898,58.842,152.612,22.17,2.78,6.143,3.178,301.801,100.0,1.44,含气层,气层优势类
延1121,3597.125,21.328,58.784,152.033,22.208,2.781,6.065,3.239,329.319,100.0,1.45,含气层,气层优势类
延1121,3597.25,23.086,58.73,151.693,22.272,2.78,5.939,3.29,352.118,100.0,1.46,含气层,气层优势类
延1121,3597.375,24.575,58.679,151.8,22.356,2.781,5.914,3.322,367.1,100.0,1.46,含气层,气层优势类
延1121,3597.5,24.685,58.633,152.254,22.403,2.788,6.017,3.323,377.924,100.0,1.47,含气层,气层优势类
延1121,3597.625,23.486,58.59,152.845,21.745,2.801,6.19,3.311,387.806,100.0,1.47,含气层,气层优势类
延1121,3597.75,22.345,58.551,153.269,21.722,2.815,6.324,3.277,395.85,100.0,1.47,含气层,气层优势类
延1121,3597.875,22.663,58.516,153.591,21.771,2.821,6.418,3.243,398.546,100.0,1.46,含气层,气层优势类
延1121,3598.0,25.701,58.485,153.944,21.863,2.815,6.394,3.237,395.202,100.0,1.45,含气层,气层优势类
靖81-2,4044.0,22.3,72.035,168.843,23.986,2.656,5.25,3.567,505.521,100.0,1.15,含气层,气层优势类
靖81-2,4044.125,20.259,71.479,173.938,24.096,2.651,5.885,3.548,297.636,100.0,1.14,含气层,气层优势类
靖81-2,4044.25,18.851,70.943,179.98,24.178,2.651,7.208,3.53,174.515,87.848,1.14,含气层,气层优势类
靖81-2,4044.375,18.091,70.414,184.655,24.122,2.653,9.051,3.508,119.31,49.859,1.14,含气层,气层优势类
靖81-2,4044.5,18.012,69.878,186.484,23.806,2.658,10.639,3.478,97.207,34.086,1.13,含气层,气层优势类
靖81-2,4044.625,18.269,69.327,185.621,23.243,2.663,11.405,3.442,86.283,34.363,1.13,含气层,气层优势类
靖81-2,4044.75,18.36,68.76,183.11,22.596,2.668,11.534,3.403,81.563,35.679,1.13,含气层,气层优势类
靖81-2,4044.875,17.914,68.187,180.561,22.103,2.674,11.469,3.366,80.895,40.174,1.13,含气层,气层优势类
靖81-2,4045.0,17.181,67.615,178.587,21.85,2.68,11.222,3.334,82.757,50.042,1.13,含气层,气层优势类
靖81-2,4045.125,16.809,67.047,176.724,21.782,2.686,10.763,3.309,86.399,62.917,1.13,含气层,气层优势类
靖81-2,4045.25,17.2,66.48,174.343,21.777,2.693,10.311,3.294,91.479,65.746,1.13,含气层,气层优势类
靖81-2,4045.375,18.104,65.917,171.674,21.784,2.699,10.085,3.286,97.589,66.089,1.13,含气层,气层优势类
靖81-2,4045.5,18.89,65.365,169.497,21.788,2.702,10.119,3.283,103.499,53.657,1.13,含气层,气层优势类
靖81-2,4045.625,19.103,64.837,168.348,21.787,2.703,10.194,3.283,107.819,47.361,1.13,含气层,气层优势类
靖81-2,4045.75,18.901,64.353,168.336,21.789,2.701,10.141,3.281,110.241,39.472,1.13,含气层,气层优势类
靖81-2,4045.875,18.856,63.924,169.173,21.816,2.7,10.03,3.279,111.405,36.636,1.13,含气层,气层优势类
靖81-2,4046.0,19.268,63.555,170.116,21.918,2.7,10.088,3.277,112.03,37.467,1.13,含气层,气层优势类
延1087-1,3770.0,26.634,49.205,158.808,22.231,2.849,5.681,3.287,373.236,57.35,1.42,含气层,气层优势类
延1087-1,3770.125,28.901,49.092,159.97,22.198,2.837,5.927,3.334,331.71,55.03,1.39,含气层,气层优势类
延1087-1,3770.25,29.485,49.009,161.032,22.236,2.827,6.275,3.382,295.518,54.144,1.36,含气层,气层优势类
延1087-1,3770.375,27.462,48.95,161.728,22.29,2.821,6.721,3.424,263.313,54.045,1.33,含气层,气层优势类
延1087-1,3770.5,23.816,48.913,161.913,22.397,2.817,7.201,3.44,234.947,52.546,1.32,含气层,气层优势类
延1087-1,3770.625,21.213,48.895,161.969,22.498,2.812,7.638,3.419,210.152,51.789,1.3,含气层,气层优势类
延1087-1,3770.75,20.687,48.89,162.154,22.408,2.803,8.023,3.363,188.429,51.577,1.29,含气层,气层优势类
延1087-1,3770.875,21.201,48.894,162.48,22.212,2.79,8.393,3.277,170.004,50.697,1.28,含气层,气层优势类
延1087-1,3771.0,21.728,48.904,162.975,22.092,2.778,8.764,3.174,155.024,50.017,1.27,含气层,气层优势类
延1087-1,3771.125,21.913,48.921,163.596,22.137,2.771,9.102,3.072,143.648,49.819,1.25,含气层,气层优势类
延1087-1,3771.25,21.861,48.941,164.061,22.251,2.767,9.37,2.981,136.477,51.027,1.24,含气层,气层优势类
延1087-1,3771.375,21.709,48.966,163.919,22.432,2.764,9.553,2.912,133.363,52.603,1.23,含气层,气层优势类
延1087-1,3771.5,22.056,48.994,162.667,22.7,2.761,9.64,2.874,133.084,54.585,1.21,含气层,气层优势类
延1087-1,3771.625,23.186,49.026,160.606,22.871,2.758,9.62,2.866,134.941,57.123,1.2,含气层,气层优势类
延1087-1,3771.75,23.974,49.058,158.284,22.908,2.758,9.531,2.882,139.1,59.735,1.19,含气层,气层优势类
延1087-1,3771.875,23.641,49.089,156.374,22.788,2.759,9.42,2.917,145.288,62.632,1.18,含气层,气层优势类
延1087-1,3772.0,22.817,49.114,155.533,22.655,2.758,9.31,2.96,151.886,61.972,1.18,含气层,气层优势类
延1096,4135.0,19.242,52.476,177.929,22.033,2.765,5.838,3.406,216.587,96.229,1.11,含气层,气层优势类
延1096,4135.125,19.793,51.808,178.074,22.027,2.762,5.805,3.323,186.552,100.0,1.1,含气层,气层优势类
延1096,4135.25,19.621,51.501,175.985,22.059,2.757,5.924,3.271,168.126,100.0,1.1,含气层,气层优势类
延1096,4135.375,19.337,51.261,173.919,22.1,2.75,6.139,3.221,147.901,100.0,1.1,含气层,气层优势类
延1096,4135.5,19.177,51.043,172.393,22.142,2.737,6.517,3.172,118.537,92.924,1.1,含气层,气层优势类
延1096,4135.625,19.474,50.877,171.349,22.16,2.726,6.94,3.139,89.769,83.366,1.1,含气层,气层优势类
延1096,4135.75,20.241,50.838,170.46,22.135,2.727,7.151,3.15,83.551,87.136,1.1,含气层,气层优势类
延1096,4135.875,21.101,50.832,169.283,22.105,2.731,7.29,3.184,81.568,91.348,1.1,含气层,气层优势类
延1096,4136.0,21.662,50.874,169.126,22.081,2.742,7.342,3.273,82.713,94.492,1.1,含气层,气层优势类
延1096,4136.125,21.529,50.955,171.275,22.076,2.758,7.337,3.398,90.04,95.472,1.1,含气层,气层优势类
延1096,4136.25,20.735,51.029,174.863,22.102,2.77,7.316,3.482,109.981,92.249,1.1,含气层,气层优势类
延1096,4136.375,19.893,51.114,178.491,22.176,2.784,7.281,3.557,136.804,93.738,1.1,含气层,气层优势类
延1096,4136.5,19.665,51.248,180.075,22.443,2.798,7.223,3.619,172.999,99.317,1.1,含气层,气层优势类
延1096,4136.625,20.361,51.409,178.473,22.848,2.806,7.197,3.651,216.962,100.0,1.11,含气层,气层优势类
延1096,4136.75,21.545,51.514,175.425,23.105,2.8,7.279,3.633,232.727,100.0,1.11,含气层,气层优势类
延1096,4136.875,22.858,51.619,172.761,23.322,2.788,7.429,3.597,237.125,100.0,1.11,含气层,气层优势类
延1096,4137.0,23.952,51.769,171.451,23.589,2.773,7.769,3.531,216.699,98.073,1.11,含气层,气层优势类
延1096,4137.125,24.336,51.988,171.606,23.892,2.761,8.268,3.455,173.859,89.64,1.1,含气层,气层优势类
延1096,4137.25,23.981,52.123,172.304,24.069,2.76,8.668,3.415,145.243,80.875,1.1,含气层,气层优势类
延1096,4137.375,23.681,52.178,172.92,24.201,2.76,9.079,3.383,131.158,73.93,1.1,含气层,气层优势类
延1096,4137.5,23.974,52.568,174.338,24.287,2.761,9.469,3.346,120.453,63.505,1.1,含气层,气层优势类
延1096,4137.625,24.717,53.201,176.893,24.332,2.76,9.706,3.306,110.028,61.336,1.1,含气层,气层优势类
延1096,4137.75,25.023,53.645,179.191,24.364,2.758,9.686,3.28,105.125,60.314,1.1,含气层,气层优势类
延1096,4137.875,24.825,54.181,180.835,24.451,2.754,9.554,3.252,102.134,60.713,1.1,含气层,气层优势类
延1096,4138.0,23.652,55.106,179.333,24.685,2.746,9.08,3.211,102.538,63.802,1.1,含气层,气层优势类
延1096,4138.125,22.041,56.308,174.392,24.98,2.738,8.386,3.165,108.113,67.547,1.1,含气层,气层优势类
延1096,4138.25,21.352,57.223,169.598,25.068,2.737,7.955,3.138,117.28,66.188,1.1,含气层,气层优势类
延1096,4138.375,21.072,58.252,165.367,25.005,2.738,7.583,3.111,127.705,64.04,1.1,含气层,气层优势类
延1096,4138.5,21.2,59.916,162.707,24.709,2.739,7.233,3.067,154.64,60.407,1.1,含气层,气层优势类
延1096,4138.625,21.979,61.987,162.593,24.315,2.734,7.009,3.014,205.511,63.184,1.11,含气层,气层优势类
延1096,4138.75,24.113,63.412,164.886,24.134,2.727,7.053,2.98,265.191,68.79,1.11,含气层,气层优势类
延1096,4138.875,28.458,64.895,168.039,23.997,2.72,7.197,2.951,328.667,79.791,1.11,含气层,气层优势类
延1096,4139.0,39.973,67.013,172.516,23.851,2.713,7.495,2.93,354.031,100.0,1.11,含气层,气层优势类
延966-6,4290.0,17.515,74.654,162.32,22.026,2.768,6.176,3.293,243.156,26.249,1.15,含气层,气层优势类
延966-6,4290.125,17.325,74.501,162.429,22.079,2.771,6.076,3.218,241.016,26.48,1.15,含气层,气层优势类
延966-6,4290.25,17.165,74.354,162.551,22.101,2.775,5.977,3.162,241.892,26.551,1.15,含气层,气层优势类
延966-6,4290.375,16.866,74.212,162.469,22.083,2.778,5.886,3.13,252.326,26.1,1.15,含气层,气层优势类
延966-6,4290.5,16.417,74.077,162.122,22.087,2.78,5.817,3.12,275.827,25.01,1.14,含气层,气层优势类
延966-6,4290.625,16.38,73.949,161.575,22.098,2.778,5.776,3.126,304.164,23.87,1.14,含气层,气层优势类
延966-6,4290.75,16.808,73.829,161.024,22.072,2.775,5.764,3.14,326.941,23.107,1.14,含气层,气层优势类
延966-6,4290.875,17.03,73.718,160.751,22.097,2.772,5.761,3.16,338.866,22.732,1.14,含气层,气层优势类
延966-6,4291.0,16.958,73.617,160.89,22.099,2.77,5.745,3.183,345.582,22.511,1.14,含气层,气层优势类
延966-6,4291.125,16.68,73.525,161.407,22.055,2.769,5.714,3.206,356.269,22.161,1.14,含气层,气层优势类
延966-6,4291.25,16.495,73.444,162.057,22.028,2.769,5.663,3.227,373.621,21.662,1.14,含气层,气层优势类
延966-6,4291.375,16.918,73.374,162.446,22.036,2.772,5.579,3.24,393.649,21.25,1.15,含气层,气层优势类
延966-6,4291.5,17.557,73.314,162.321,22.061,2.775,5.461,3.245,406.741,21.125,1.15,含气层,气层优势类
延966-6,4291.625,18.202,73.265,161.69,22.058,2.777,5.326,3.245,412.345,21.237,1.15,含气层,气层优势类
延966-6,4291.75,18.861,73.228,160.824,22.082,2.775,5.22,3.246,415.201,21.423,1.15,含气层,气层优势类
延966-6,4291.875,20.192,73.203,160.217,22.171,2.766,5.183,3.252,411.458,21.824,1.15,含气层,气层优势类
延966-6,4292.0,21.28,73.189,160.317,22.239,2.751,5.254,3.265,399.599,22.295,1.15,含气层,气层优势类
延1156,4128.0,17.598,77.438,167.83,21.982,2.774,7.214,2.807,1189.596,61.01,1.13,含气层,气层优势类
延1156,4128.125,16.972,76.865,167.127,21.974,2.765,7.314,2.807,1276.682,55.739,1.14,含气层,气层优势类
延1156,4128.25,16.481,76.667,166.224,21.966,2.76,7.402,2.852,1370.817,50.047,1.14,含气层,气层优势类
延1156,4128.375,16.054,76.667,165.611,21.969,2.76,7.51,2.895,1462.583,46.731,1.15,含气层,气层优势类
延1156,4128.5,15.486,77.127,165.623,21.975,2.762,7.658,2.895,1535.764,45.654,1.15,含气层,气层优势类
延1156,4128.625,14.777,77.498,165.781,21.975,2.762,7.771,2.895,1573.736,44.711,1.15,含气层,气层优势类
延1156,4128.75,14.205,77.685,165.628,21.971,2.764,7.752,2.895,1575.431,44.036,1.15,含气层,气层优势类
延1156,4128.875,14.303,78.357,165.134,21.976,2.768,7.558,2.895,1557.685,43.743,1.16,含气层,气层优势类
延1156,4129.0,14.83,78.898,164.724,21.993,2.775,7.289,2.895,1564.137,46.165,1.16,含气层,气层优势类
靖130-1,3975.0,15.985,74.922,180.651,22.671,2.697,10.558,2.8,75.207,31.0,1.06,含气水层,气水风险类
靖130-1,3975.125,16.052,74.832,182.704,22.654,2.674,10.783,2.813,62.371,30.827,1.06,含气水层,气水风险类
靖130-1,3975.25,17.099,74.746,183.864,22.587,2.653,11.044,2.822,53.653,31.895,1.07,含气水层,气水风险类
靖130-1,3975.375,18.179,74.664,185.2,22.521,2.637,11.546,2.83,48.049,32.197,1.07,含气水层,气水风险类
靖130-1,3975.5,18.319,74.587,187.281,22.497,2.624,12.385,2.933,44.971,30.72,1.07,含气水层,气水风险类
靖130-1,3975.625,17.659,74.513,189.622,22.475,2.614,13.368,3.185,43.988,28.722,1.06,含气水层,气水风险类
靖130-1,3975.75,17.122,74.444,191.404,22.525,2.607,14.124,3.328,44.502,27.697,1.06,含气水层,气水风险类
靖130-1,3975.875,17.583,74.381,191.817,22.558,2.604,14.429,3.328,45.846,27.388,1.06,含气水层,气水风险类
靖130-1,3976.0,19.098,74.322,190.429,22.627,2.605,14.288,3.329,47.129,27.791,1.06,含气水层,气水风险类
靖130-1,3976.125,20.992,74.267,187.402,22.833,2.612,13.851,3.329,47.507,30.616,1.05,含气水层,气水风险类
靖130-1,3976.25,22.319,74.218,183.113,22.959,2.626,13.358,3.33,46.048,38.366,1.05,含气水层,气水风险类
靖130-1,3976.375,22.7,74.166,179.257,23.071,2.644,13.19,3.33,43.473,47.802,1.05,含气水层,气水风险类
靖130-1,3976.5,22.283,74.117,178.236,23.141,2.654,13.576,3.328,42.419,51.086,1.05,含气水层,气水风险类
靖130-1,3976.625,21.528,74.088,178.001,23.152,2.658,14.145,3.327,42.979,50.941,1.05,含气水层,气水风险类
靖130-1,3976.75,20.982,74.064,178.019,23.175,2.659,14.519,3.326,44.956,49.368,1.06,含气水层,气水风险类
靖130-1,3976.875,20.584,74.047,178.123,23.253,2.659,14.484,3.324,47.817,47.293,1.06,含气水层,气水风险类
靖130-1,3977.0,20.417,74.035,178.158,23.397,2.66,14.092,3.322,51.125,45.524,1.06,含气水层,气水风险类
靖67,3858.0,27.764,118.407,160.506,22.731,2.727,5.105,3.007,374.876,100.0,1.2,含气水层,气水风险类
靖67,3858.125,27.333,118.067,163.402,22.917,2.74,5.018,2.986,297.035,100.0,1.14,含气水层,气水风险类
靖67,3858.25,27.915,117.816,166.191,22.991,2.741,5.09,2.976,243.359,100.0,1.1,含气水层,气水风险类
靖67,3858.375,28.877,117.639,168.05,22.896,2.735,5.271,2.968,207.097,100.0,1.06,含气水层,气水风险类
靖67,3858.5,29.233,117.494,168.606,22.734,2.73,5.507,2.959,183.821,100.0,1.04,含气水层,气水风险类
靖67,3858.625,27.967,117.36,167.9,22.624,2.723,5.775,2.946,177.389,100.0,1.02,含气水层,气水风险类
靖67,3858.75,26.655,117.247,166.835,22.612,2.711,6.03,2.931,179.306,100.0,1.02,含气水层,气水风险类
靖67,3858.875,25.392,117.161,166.139,22.707,2.696,6.25,2.918,182.009,100.0,1.02,含气水层,气水风险类
靖67,3859.0,24.963,117.088,166.207,22.817,2.683,6.441,2.911,182.709,100.0,1.02,含气水层,气水风险类
靖67,3859.125,25.767,117.019,167.016,22.787,2.676,6.578,2.92,180.319,100.0,1.01,含气水层,气水风险类
靖67,3859.25,26.481,116.965,168.019,22.656,2.675,6.671,2.948,175.865,100.0,1.01,含气水层,气水风险类
靖67,3859.375,27.099,116.94,168.819,22.493,2.681,6.746,2.994,171.065,100.0,1.01,含气水层,气水风险类
靖67,3859.5,27.672,116.937,169.122,22.418,2.69,6.805,3.048,168.045,100.0,1.01,含气水层,气水风险类
靖67,3859.625,27.853,116.937,168.619,22.408,2.695,6.837,3.097,170.022,100.0,1.03,含气水层,气水风险类
靖67,3859.75,27.901,116.937,167.38,22.381,2.696,6.845,3.128,183.879,100.0,1.07,含气水层,气水风险类
靖67,3859.875,27.335,116.937,165.482,22.364,2.694,6.849,3.133,220.787,100.0,1.14,含气水层,气水风险类
靖67,3860.0,26.572,116.937,163.134,22.378,2.694,6.866,3.111,272.988,100.0,1.21,含气水层,气水风险类
靖67,3860.125,26.514,116.949,160.74,22.404,2.697,6.843,3.066,314.931,100.0,1.25,含气水层,气水风险类
靖67,3860.25,26.75,116.992,158.676,22.444,2.703,6.724,3.016,337.696,100.0,1.27,含气水层,气水风险类
靖67,3860.375,27.349,117.069,156.97,22.535,2.711,6.554,2.975,352.867,100.0,1.29,含气水层,气水风险类
靖67,3860.5,27.745,117.178,155.565,22.664,2.72,6.412,2.957,365.48,100.0,1.29,含气水层,气水风险类
靖67,3860.625,27.49,117.313,154.558,22.66,2.727,6.35,2.97,368.191,100.0,1.3,含气水层,气水风险类
靖67,3860.75,27.517,117.458,154.163,22.629,2.729,6.363,3.006,360.897,100.0,1.31,含气水层,气水风险类
靖67,3860.875,27.858,117.621,154.717,22.76,2.725,6.416,3.054,356.176,100.0,1.32,含气水层,气水风险类
靖67,3861.0,28.595,117.823,156.388,22.98,2.715,6.476,3.101,374.893,100.0,1.36,含气水层,气水风险类
靖67,3861.125,29.229,118.119,158.749,23.177,2.706,6.577,3.133,425.431,100.0,1.42,含气水层,气水风险类
靖67,3861.25,29.332,118.566,160.648,23.213,2.703,6.717,3.143,484.398,100.0,1.47,含气水层,气水风险类
靖67,3861.375,29.476,119.216,161.233,23.138,2.708,6.815,3.13,548.305,100.0,1.5,含气水层,气水风险类
靖67,3861.5,29.796,120.061,160.11,23.164,2.717,6.792,3.098,636.488,100.0,1.52,含气水层,气水风险类
靖67,3861.625,30.186,121.073,157.494,23.467,2.726,6.634,3.051,732.538,100.0,1.53,含气水层,气水风险类
靖67,3861.75,30.405,122.17,154.926,23.671,2.728,6.454,2.998,780.146,100.0,1.49,含气水层,气水风险类
靖67,3861.875,30.289,123.231,153.741,23.55,2.722,6.338,2.946,763.504,100.0,1.43,含气水层,气水风险类
靖67,3862.0,31.024,124.094,154.733,23.179,2.705,6.292,2.904,708.729,100.0,1.36,含气水层,气水风险类
郝9-1,3679.0,22.029,46.722,156.545,22.57,2.793,7.555,3.505,205.712,83.227,1.24,气水同层,气水风险类
郝9-1,3679.125,21.479,46.365,157.291,22.605,2.779,7.249,3.381,185.602,74.942,1.22,气水同层,气水风险类
郝9-1,3679.25,21.32,46.037,157.975,22.688,2.76,7.187,3.261,169.998,67.135,1.21,气水同层,气水风险类
郝9-1,3679.375,21.204,45.736,158.566,22.777,2.743,7.283,3.15,158.436,61.262,1.21,气水同层,气水风险类
郝9-1,3679.5,20.929,45.461,159.1,22.82,2.732,7.452,3.05,149.726,58.702,1.2,气水同层,气水风险类
郝9-1,3679.625,20.682,45.206,159.588,22.809,2.731,7.613,2.963,143.441,59.618,1.2,气水同层,气水风险类
郝9-1,3679.75,20.574,44.971,159.97,22.774,2.736,7.699,2.889,139.095,63.208,1.2,气水同层,气水风险类
郝9-1,3679.875,20.811,44.757,160.128,22.739,2.744,7.688,2.838,136.286,68.229,1.2,气水同层,气水风险类
郝9-1,3680.0,21.723,44.565,160.02,22.722,2.75,7.63,2.822,135.56,73.22,1.2,气水同层,气水风险类
郝9-1,3680.125,22.891,44.395,159.739,22.746,2.752,7.572,2.848,137.069,76.817,1.2,气水同层,气水风险类
郝9-1,3680.25,24.002,44.251,159.464,22.821,2.752,7.534,2.915,139.623,78.678,1.2,气水同层,气水风险类
郝9-1,3680.375,24.927,44.135,159.274,22.905,2.751,7.533,3.01,142.17,79.003,1.21,气水同层,气水风险类
郝9-1,3680.5,24.811,44.052,159.102,22.931,2.75,7.571,3.112,145.088,77.234,1.21,气水同层,气水风险类
郝9-1,3680.625,24.333,44.0,158.88,22.887,2.75,7.615,3.198,149.044,74.493,1.22,气水同层,气水风险类
郝9-1,3680.75,24.512,43.981,158.503,22.826,2.75,7.607,3.248,155.198,72.174,1.23,气水同层,气水风险类
郝9-1,3680.875,25.011,43.996,157.804,22.789,2.751,7.48,3.25,165.99,69.799,1.24,气水同层,气水风险类
郝9-1,3681.0,25.992,44.046,156.776,22.786,2.752,7.202,3.202,183.364,66.689,1.25,气水同层,气水风险类
延1156,4125.0,14.827,80.832,156.999,22.084,2.755,7.29,3.064,538.563,46.631,1.09,水层,气水风险类
延1156,4125.125,14.92,81.266,157.148,22.04,2.744,7.451,3.066,530.816,42.154,1.08,水层,气水风险类
延1156,4125.25,14.629,81.666,157.116,22.012,2.741,7.423,3.015,520.78,40.035,1.07,水层,气水风险类
延1156,4125.375,13.933,81.667,157.153,21.998,2.742,7.305,2.942,510.59,40.018,1.07,水层,气水风险类
延1156,4125.5,13.503,81.576,157.345,21.993,2.743,7.141,2.895,504.944,41.448,1.06,水层,气水风险类
延1156,4125.625,13.53,80.963,157.441,21.993,2.741,6.906,2.895,505.065,43.713,1.06,水层,气水风险类
延1156,4125.75,13.769,80.833,157.376,21.999,2.734,6.511,2.903,508.415,48.674,1.06,水层,气水风险类
延1156,4125.875,14.143,80.629,157.55,22.005,2.727,6.064,2.959,510.057,54.065,1.06,水层,气水风险类
延1156,4126.0,14.757,80.012,158.218,22.008,2.723,5.753,2.982,508.296,60.971,1.06,水层,气水风险类
延1156,4126.125,15.526,80.0,159.553,22.001,2.726,5.643,2.982,504.878,66.087,1.06,水层,气水风险类
延1156,4126.25,16.399,80.0,161.485,21.981,2.735,5.626,2.959,503.616,70.975,1.06,水层,气水风险类
延1156,4126.375,17.45,80.0,163.756,21.958,2.744,5.681,2.898,505.95,74.198,1.06,水层,气水风险类
延1156,4126.5,18.207,79.79,165.844,21.944,2.746,5.788,2.895,508.976,76.411,1.07,水层,气水风险类
延1156,4126.625,17.897,79.174,167.697,21.943,2.742,5.905,2.869,508.299,73.934,1.07,水层,气水风险类
延1156,4126.75,16.37,79.167,169.504,21.947,2.729,5.991,2.797,502.953,67.314,1.07,水层,气水风险类
延1156,4126.875,14.777,79.167,171.053,21.95,2.717,6.14,2.741,499.426,57.723,1.07,水层,气水风险类
延1156,4127.0,14.097,79.167,171.936,21.946,2.709,6.492,2.788,507.475,50.158,1.07,水层,气水风险类
延1103-1,3754.0,21.954,38.571,170.178,22.076,2.673,9.572,3.374,97.935,56.408,1.03,水层,气水风险类
延1103-1,3754.125,20.819,38.85,168.435,22.141,2.684,9.564,3.351,86.403,59.932,1.03,水层,气水风险类
延1103-1,3754.25,20.806,39.138,168.201,22.258,2.698,9.889,3.236,76.471,64.472,1.03,水层,气水风险类
延1103-1,3754.375,20.463,39.421,168.58,22.319,2.71,10.332,3.045,69.728,67.869,1.03,水层,气水风险类
延1103-1,3754.5,20.593,39.688,169.075,22.357,2.72,10.764,2.848,65.739,71.365,1.03,水层,气水风险类
延1103-1,3754.625,20.854,39.93,169.587,22.385,2.729,11.105,2.753,64.759,76.335,1.03,水层,气水风险类
延1103-1,3754.75,20.971,40.15,170.377,22.405,2.737,11.487,2.818,65.326,80.606,1.03,水层,气水风险类
延1103-1,3754.875,20.781,40.354,171.491,22.436,2.747,12.047,2.966,66.155,82.354,1.03,水层,气水风险类
延1103-1,3755.0,20.794,40.545,172.564,22.549,2.755,12.864,3.001,66.669,79.439,1.03,水层,气水风险类
延1103-1,3755.125,20.642,40.721,173.197,22.775,2.757,13.696,2.884,67.667,78.253,1.03,水层,气水风险类
延1103-1,3755.25,20.194,40.884,173.572,22.955,2.75,14.282,2.73,68.788,68.928,1.03,水层,气水风险类
延1103-1,3755.375,20.763,41.029,173.897,22.99,2.737,14.516,2.642,69.803,58.58,1.03,水层,气水风险类
延1103-1,3755.5,21.552,41.155,174.243,22.848,2.721,14.445,2.651,70.929,50.912,1.03,水层,气水风险类
延1103-1,3755.625,21.454,41.257,174.648,22.577,2.704,14.25,2.701,72.534,46.696,1.03,水层,气水风险类
延1103-1,3755.75,21.585,41.34,175.122,22.286,2.691,14.134,2.763,75.243,43.875,1.03,水层,气水风险类
延1103-1,3755.875,21.193,41.407,175.631,22.084,2.684,14.153,2.846,79.138,41.479,1.03,水层,气水风险类
延1103-1,3756.0,20.968,41.46,176.14,22.071,2.688,14.194,2.967,83.276,41.216,1.03,水层,气水风险类
延960-2,3621.0,20.165,56.402,168.166,23.353,2.758,11.729,3.101,120.545,35.612,1.15,水层,气水风险类
延960-2,3621.125,20.394,56.207,170.673,23.267,2.741,11.797,3.123,119.322,33.673,1.15,水层,气水风险类
延960-2,3621.25,20.744,56.025,170.101,23.074,2.725,11.606,3.171,117.095,33.558,1.15,水层,气水风险类
延960-2,3621.375,20.898,55.858,166.829,22.884,2.715,11.126,3.287,116.32,41.842,1.15,水层,气水风险类
延960-2,3621.5,20.716,55.706,163.126,22.812,2.711,10.469,3.446,121.035,44.816,1.15,水层,气水风险类
延960-2,3621.625,20.417,55.573,161.281,22.94,2.711,9.907,3.628,133.299,50.85,1.15,水层,气水风险类
延960-2,3621.75,20.196,55.455,160.967,23.177,2.711,9.668,3.813,145.423,49.76,1.15,水层,气水风险类
延960-2,3621.875,19.948,55.354,161.414,23.392,2.708,9.81,3.935,149.67,47.185,1.15,水层,气水风险类
延960-2,3622.0,19.395,55.268,162.22,23.471,2.701,10.206,3.941,145.893,41.921,1.15,水层,气水风险类
延960-2,3622.125,18.565,55.201,163.08,23.363,2.695,10.564,3.744,143.882,41.276,1.15,水层,气水风险类
延960-2,3622.25,18.144,55.15,163.495,23.188,2.696,10.611,3.425,150.148,40.219,1.15,水层,气水风险类
延960-2,3622.375,18.441,55.113,163.48,23.068,2.704,10.228,3.14,162.24,37.854,1.15,水层,气水风险类
延960-2,3622.5,19.112,55.092,163.396,23.077,2.72,9.487,2.982,174.784,40.832,1.15,水层,气水风险类
延960-2,3622.625,19.411,55.086,162.613,23.192,2.735,8.648,2.982,185.799,45.523,1.15,水层,气水风险类
延960-2,3622.75,19.344,55.094,161.435,23.276,2.745,8.03,3.109,199.911,46.355,1.15,水层,气水风险类
延960-2,3622.875,19.378,55.115,160.979,23.236,2.748,7.764,3.316,223.679,50.575,1.15,水层,气水风险类
延960-2,3623.0,19.775,55.148,160.889,23.075,2.749,7.792,3.468,261.807,47.515,1.15,水层,气水风险类
延1059-2,3764.0,20.207,82.177,164.85,21.497,2.701,5.429,2.355,167.624,65.111,0.937,干层,非气层类
延1059-2,3764.125,19.365,82.182,161.083,21.231,2.716,4.966,2.348,173.052,79.916,0.937,干层,非气层类
延1059-2,3764.25,18.684,82.193,158.209,21.176,2.719,4.729,2.386,177.169,82.892,0.934,干层,非气层类
延1059-2,3764.375,18.522,82.21,157.357,21.278,2.711,4.74,2.433,175.182,73.287,0.929,干层,非气层类
延1059-2,3764.5,19.099,82.231,159.012,21.434,2.693,5.108,2.493,166.884,56.804,0.927,干层,非气层类
延1059-2,3764.625,20.365,82.256,162.747,21.672,2.68,5.743,2.544,160.304,48.139,0.933,干层,非气层类
延1059-2,3764.75,21.62,82.283,166.61,21.85,2.679,6.29,2.613,159.913,48.454,0.943,干层,非气层类
延1059-2,3764.875,22.435,82.312,169.08,21.801,2.686,6.417,2.668,163.528,57.516,0.948,干层,非气层类
延1059-2,3765.0,22.613,82.342,169.232,21.556,2.689,6.181,2.714,165.891,70.533,0.948,干层,非气层类
延1059-2,3765.125,22.5,82.373,166.933,21.295,2.687,5.781,2.773,162.593,85.048,0.943,干层,非气层类
延1059-2,3765.25,22.589,82.405,164.006,21.241,2.683,5.406,2.795,158.36,94.833,0.939,干层,非气层类
延1059-2,3765.375,22.995,82.437,161.955,21.369,2.681,5.175,2.753,159.946,95.256,0.937,干层,非气层类
延1059-2,3765.5,23.673,82.471,161.3,21.645,2.694,5.16,2.737,162.893,100.0,0.93,干层,非气层类
延1059-2,3765.625,24.228,82.506,161.233,22.054,2.727,5.259,2.689,162.165,100.0,0.928,干层,非气层类
延1059-2,3765.75,24.197,82.543,160.559,22.34,2.762,5.202,2.616,167.527,100.0,0.937,干层,非气层类
延1059-2,3765.875,23.647,82.581,159.183,22.228,2.782,5.083,2.567,180.09,100.0,0.945,干层,非气层类
延1059-2,3766.0,23.164,82.622,157.653,21.796,2.783,4.976,2.598,188.282,100.0,0.942,干层,非气层类
靖173,4448.0,28.002,69.767,166.658,22.5,2.657,7.781,3.392,140.674,61.625,1.08,干层,非气层类
靖173,4448.125,26.83,69.744,167.417,22.523,2.643,8.393,3.385,125.058,61.088,1.08,干层,非气层类
靖173,4448.25,24.563,69.722,168.14,22.544,2.639,8.822,3.381,111.489,53.471,1.08,干层,非气层类
靖173,4448.375,21.871,69.7,168.411,22.552,2.644,9.119,3.379,99.19,54.204,1.08,干层,非气层类
靖173,4448.5,20.258,69.677,168.574,22.557,2.656,9.284,3.379,88.535,54.714,1.08,干层,非气层类
靖173,4448.625,20.476,69.655,169.351,22.58,2.674,9.291,3.379,80.141,56.256,1.08,干层,非气层类
靖173,4448.75,22.258,69.633,171.022,22.631,2.693,9.215,3.38,73.981,58.795,1.08,干层,非气层类
靖173,4448.875,24.287,69.611,173.117,22.694,2.711,9.205,3.382,68.799,66.132,1.08,干层,非气层类
靖173,4449.0,25.793,69.589,175.18,22.756,2.726,9.357,3.383,63.929,76.043,1.08,干层,非气层类
靖173,4449.125,26.762,69.567,176.712,22.801,2.736,9.598,3.385,59.694,77.818,1.08,干层,非气层类
靖173,4449.25,27.705,69.546,177.173,22.815,2.739,9.808,3.386,56.885,64.544,1.08,干层,非气层类
靖173,4449.375,28.52,69.525,176.181,22.786,2.737,9.971,3.387,56.278,57.944,1.08,干层,非气层类
靖173,4449.5,28.976,69.504,174.169,22.725,2.732,10.157,3.386,58.921,54.745,1.08,干层,非气层类
靖173,4449.625,29.269,69.484,172.246,22.667,2.725,10.362,3.382,65.718,51.184,1.08,干层,非气层类
靖173,4449.75,29.462,69.464,170.795,22.624,2.721,10.432,3.374,77.005,50.409,1.08,干层,非气层类
靖173,4449.875,28.9,69.444,169.487,22.585,2.718,10.205,3.361,90.959,52.356,1.08,干层,非气层类
靖173,4450.0,27.371,69.425,168.117,22.543,2.717,9.632,3.344,105.139,61.795,1.08,干层,非气层类
靖66-2,4046.0,23.301,58.122,167.386,21.983,2.785,8.921,3.373,134.958,50.585,1.1,干层,非气层类
靖66-2,4046.125,23.929,57.996,167.779,22.0,2.789,9.637,3.481,124.227,47.911,1.1,干层,非气层类
靖66-2,4046.25,25.651,57.49,168.345,21.998,2.785,9.928,3.597,118.485,47.753,1.1,干层,非气层类
靖66-2,4046.375,27.351,57.469,168.553,21.987,2.779,9.945,3.636,116.877,48.602,1.1,干层,非气层类
靖66-2,4046.5,27.488,57.469,168.148,21.967,2.773,9.865,3.66,117.67,48.828,1.1,干层,非气层类
靖66-2,4046.625,25.1,56.816,167.472,21.926,2.77,9.863,3.64,116.617,47.543,1.1,干层,非气层类
靖66-2,4046.75,22.061,56.816,166.852,21.885,2.77,10.009,3.527,112.554,45.805,1.1,干层,非气层类
靖66-2,4046.875,20.137,56.816,166.382,21.864,2.781,10.271,3.402,106.82,46.053,1.1,干层,非气层类
靖66-2,4047.0,20.048,56.816,166.412,21.873,2.791,10.494,3.385,100.735,47.232,1.1,干层,非气层类
靖66-2,4047.125,20.932,56.816,166.98,21.901,2.798,10.559,3.476,94.741,48.848,1.1,干层,非气层类
靖66-2,4047.25,21.897,56.816,167.78,21.944,2.797,10.417,3.573,89.88,50.126,1.1,干层,非气层类
靖66-2,4047.375,22.085,56.816,168.348,21.999,2.794,10.08,3.639,86.926,50.632,1.1,干层,非气层类
靖66-2,4047.5,21.621,56.816,168.371,22.054,2.786,9.597,3.687,85.137,52.892,1.1,干层,非气层类
靖66-2,4047.625,21.267,56.816,167.615,22.102,2.785,9.01,3.565,84.402,56.864,1.1,干层,非气层类
靖66-2,4047.75,21.93,56.816,166.493,22.136,2.786,8.41,3.449,85.743,62.06,1.1,干层,非气层类
靖66-2,4047.875,23.339,56.816,165.541,22.152,2.79,7.891,3.365,90.156,67.747,1.1,干层,非气层类
靖66-2,4048.0,24.437,56.816,164.905,22.147,2.795,7.543,3.358,99.193,71.3,1.1,干层,非气层类
延946-3,4193.0,23.38,34.482,181.224,23.613,2.688,7.142,3.898,67.125,44.01,1.12,干层,非气层类
延946-3,4193.125,23.987,34.465,189.402,23.57,2.664,7.318,4.226,64.239,43.274,1.12,干层,非气层类
延946-3,4193.25,24.478,34.476,191.911,23.367,2.636,7.491,4.489,66.062,40.678,1.12,干层,非气层类
延946-3,4193.375,25.015,34.509,189.549,23.093,2.613,7.847,4.638,74.22,35.16,1.12,干层,非气层类
延946-3,4193.5,25.486,34.557,185.409,22.852,2.602,8.401,4.655,93.802,29.114,1.13,干层,非气层类
延946-3,4193.625,25.748,34.618,181.332,22.685,2.604,8.787,4.599,125.199,28.186,1.13,干层,非气层类
延946-3,4193.75,25.743,34.684,177.641,22.575,2.611,8.757,4.556,152.587,27.215,1.14,干层,非气层类
延946-3,4193.875,25.424,34.756,175.104,22.518,2.62,8.401,4.53,162.525,26.886,1.14,干层,非气层类
延946-3,4194.0,24.891,34.831,174.36,22.501,2.626,7.954,4.504,152.754,27.289,1.14,干层,非气层类
延946-3,4194.125,24.252,34.912,175.308,22.496,2.631,7.613,4.46,133.017,27.048,1.13,干层,非气层类
延946-3,4194.25,23.56,35.001,176.612,22.495,2.636,7.461,4.375,115.359,27.923,1.13,干层,非气层类
延946-3,4194.375,22.817,35.103,177.699,22.499,2.645,7.527,4.216,101.916,30.799,1.13,干层,非气层类
延946-3,4194.5,21.992,35.223,178.263,22.509,2.657,7.774,4.001,91.907,32.377,1.13,干层,非气层类
延946-3,4194.625,21.158,35.373,177.853,22.542,2.67,8.117,3.773,86.021,31.323,1.13,干层,非气层类
延946-3,4194.75,20.543,35.557,176.31,22.595,2.683,8.44,3.561,85.335,33.56,1.13,干层,非气层类
延946-3,4194.875,20.227,35.785,173.335,22.651,2.695,8.639,3.4,90.95,35.968,1.13,干层,非气层类
延946-3,4195.0,20.115,36.064,169.418,22.692,2.704,8.597,3.346,102.402,37.561,1.13,干层,非气层类
延946-3,4195.125,20.317,36.413,166.049,22.715,2.706,8.257,3.433,117.851,37.207,1.13,干层,非气层类
延946-3,4195.25,21.178,36.831,164.388,22.741,2.707,7.78,3.608,133.91,39.779,1.13,干层,非气层类
延946-3,4195.375,23.234,37.327,164.315,22.775,2.709,7.256,3.837,149.033,48.697,1.14,干层,非气层类
延946-3,4195.5,26.109,37.903,165.026,22.805,2.712,6.696,4.081,163.207,66.282,1.14,干层,非气层类
延946-3,4195.625,28.585,38.577,165.844,22.813,2.721,6.039,4.26,182.967,82.95,1.14,干层,非气层类
延946-3,4195.75,29.534,39.332,166.356,22.804,2.734,5.312,4.34,222.355,89.953,1.14,干层,非气层类
延946-3,4195.875,29.194,40.173,166.164,22.795,2.747,4.573,4.354,300.944,100.0,1.14,干层,非气层类
延946-3,4196.0,28.983,41.086,164.911,22.798,2.755,3.888,4.35,432.749,100.0,1.14,干层,非气层类
延1194,3921.5,83.15,49.163,191.973,23.688,2.529,14.956,2.381,42.136,100.0,0.831,干层,非气层类
延1194,3921.625,57.684,48.884,194.72,24.634,2.565,17.279,2.581,23.762,100.0,0.837,干层,非气层类
延1194,3921.75,41.987,48.64,190.932,25.151,2.617,17.46,2.795,16.751,66.833,0.923,干层,非气层类
延1194,3921.875,34.474,48.407,180.916,24.76,2.691,15.551,3.012,29.992,63.206,1.22,干层,非气层类
延1194,3922.0,31.692,48.167,168.721,23.744,2.772,12.264,3.247,75.275,74.116,1.39,干层,非气层类
延1194,3922.125,30.612,47.902,160.255,22.833,2.831,9.371,3.482,150.785,94.797,1.37,干层,非气层类
延1194,3922.25,29.894,47.612,156.672,22.481,2.861,7.825,3.671,220.765,99.858,1.27,干层,非气层类
延1194,3922.375,30.907,47.311,156.028,22.417,2.869,7.503,3.788,238.737,96.224,1.15,干层,非气层类
延1194,3922.5,36.911,47.021,155.835,22.417,2.858,7.623,3.846,226.303,86.762,1.06,干层,非气层类
延405,3252.0,25.087,-67.445,161.935,23.513,2.741,8.093,2.969,106.58,100.0,1.07,干层,非气层类
延405,3252.125,24.433,-67.686,162.433,23.567,2.741,8.271,3.014,100.574,100.0,1.07,干层,非气层类
延405,3252.25,23.477,-68.189,162.684,23.575,2.75,8.278,3.009,96.529,100.0,1.06,干层,非气层类
延405,3252.375,23.044,-68.445,162.238,23.538,2.756,8.22,2.962,93.926,100.0,1.06,干层,非气层类
延405,3252.5,22.564,-68.478,160.774,23.513,2.76,8.227,2.947,93.734,100.0,1.06,干层,非气层类
延405,3252.625,22.576,-68.478,159.493,23.503,2.76,8.348,2.964,93.509,100.0,1.05,干层,非气层类
延405,3252.75,22.668,-68.478,159.395,23.558,2.758,8.568,2.982,92.441,100.0,1.05,干层,非气层类
延405,3252.875,22.703,-68.478,160.553,23.627,2.753,8.773,2.983,87.397,100.0,1.04,干层,非气层类
延405,3253.0,22.51,-68.478,162.957,23.789,2.745,9.229,2.994,77.675,100.0,1.03,干层,非气层类
延405,3253.125,22.525,-68.391,164.322,23.9,2.735,9.64,3.059,72.088,100.0,1.03,干层,非气层类
延405,3253.25,23.081,-67.922,165.885,23.901,2.731,9.783,3.108,67.488,100.0,1.03,干层,非气层类
延405,3253.375,24.293,-67.493,165.594,23.785,2.733,9.786,3.216,62.523,100.0,1.03,干层,非气层类
延405,3253.5,25.051,-67.391,164.72,23.638,2.74,9.475,3.439,60.876,100.0,1.03,干层,非气层类
延405,3253.625,25.862,-67.391,162.784,23.574,2.751,9.168,3.614,62.088,100.0,1.03,干层,非气层类
延405,3253.75,25.858,-67.391,161.803,23.526,2.759,8.731,3.891,63.064,100.0,1.03,干层,非气层类
延405,3253.875,25.681,-67.391,160.466,23.515,2.769,8.747,4.044,66.128,100.0,1.03,干层,非气层类
延405,3254.0,25.97,-67.391,159.666,23.519,2.774,8.985,4.067,70.094,100.0,1.02,干层,非气层类
延405,3254.125,26.234,-67.391,159.301,23.536,2.775,9.573,4.059,71.065,100.0,1.02,干层,非气层类
延405,3254.25,26.657,-67.391,158.614,23.55,2.775,9.889,4.046,71.254,100.0,1.01,干层,非气层类
延405,3254.375,27.392,-67.391,157.826,23.587,2.772,10.113,3.965,70.807,100.0,1.01,干层,非气层类
延405,3254.5,27.991,-67.391,157.294,23.643,2.765,10.1,4.06,70.246,100.0,1.01,干层,非气层类
延405,3254.625,29.124,-67.391,156.263,23.676,2.757,10.057,4.261,69.54,100.0,1,干层,非气层类
延405,3254.75,30.227,-67.391,155.405,23.72,2.757,10.096,4.636,69.052,100.0,1,干层,非气层类
延405,3254.875,30.78,-67.391,155.088,23.764,2.762,10.383,4.697,68.371,100.0,1,干层,非气层类
延405,3255.0,31.121,-67.391,154.869,23.803,2.768,10.608,4.565,66.862,100.0,1.01,干层,非气层类
延405,3255.125,29.924,-67.478,155.165,23.966,2.767,10.881,4.16,66.0,98.265,1.01,干层,非气层类
延405,3255.25,28.929,-67.686,155.532,24.291,2.754,10.848,3.768,66.125,79.303,1.01,干层,非气层类
延405,3255.375,27.689,-68.189,156.274,24.485,2.731,10.695,3.61,67.578,77.85,1.02,干层,非气层类
延405,3255.5,27.604,-68.706,156.564,24.634,2.713,10.405,3.469,70.295,66.221,1.02,干层,非气层类
延405,3255.625,28.358,-69.102,156.678,24.609,2.69,10.22,3.301,77.37,62.022,1.03,干层,非气层类
延405,3255.75,29.799,-69.464,156.399,24.41,2.682,10.108,3.166,82.631,58.504,1.03,干层,非气层类
延405,3255.875,31.097,-69.652,156.337,24.243,2.686,9.657,2.895,89.812,66.793,1.03,干层,非气层类
延405,3256.0,36.175,-70.121,156.762,24.181,2.702,9.228,2.741,109.18,82.811,1.05,干层,非气层类
延500,3269.0,19.693,13.302,167.582,22.113,2.739,11.743,3.176,36.285,100.0,0.872,干层,非气层类
延500,3269.125,20.284,12.512,168.845,22.125,2.711,12.16,3.228,31.86,100.0,0.864,干层,非气层类
延500,3269.25,21.75,11.786,169.485,22.115,2.692,12.497,3.258,29.63,100.0,0.861,干层,非气层类
延500,3269.375,22.3,11.136,169.636,22.116,2.683,12.656,3.238,28.952,100.0,0.859,干层,非气层类
延500,3269.5,21.121,10.569,169.48,22.146,2.684,12.742,3.176,29.081,100.0,0.856,干层,非气层类
延500,3269.625,19.98,10.097,169.345,22.166,2.691,12.854,3.068,29.649,100.0,0.856,干层,非气层类
延500,3269.75,20.294,9.697,169.309,22.162,2.701,12.936,2.919,29.936,100.0,0.85,干层,非气层类
延500,3269.875,21.023,9.351,169.103,22.117,2.711,12.913,2.772,29.978,100.0,0.843,干层,非气层类
延500,3270.0,20.507,9.04,168.556,22.113,2.719,12.799,2.675,31.031,100.0,0.845,干层,非气层类
延500,3270.125,18.696,8.743,167.766,22.162,2.724,12.585,2.657,32.615,100.0,0.842,干层,非气层类
延500,3270.25,17.511,8.443,166.81,22.255,2.728,12.294,2.696,33.67,100.0,0.835,干层,非气层类
延500,3270.375,17.875,8.138,165.598,22.276,2.731,12.01,2.767,34.68,100.0,0.835,干层,非气层类
延500,3270.5,19.293,7.832,164.312,22.265,2.735,11.811,2.809,36.602,100.0,0.841,干层,非气层类
延500,3270.625,20.729,7.543,163.504,22.247,2.741,11.71,2.785,38.715,100.0,0.844,干层,非气层类
延500,3270.75,21.936,7.283,163.179,22.25,2.746,11.7,2.757,39.664,100.0,0.848,干层,非气层类
延500,3270.875,22.813,7.062,162.858,22.262,2.751,11.789,2.743,39.836,100.0,0.858,干层,非气层类
延500,3271.0,23.083,6.884,162.254,22.248,2.754,11.927,2.734,40.351,100.0,0.866,干层,非气层类
延500,3271.125,22.616,6.752,161.692,22.252,2.754,12.048,2.727,41.232,100.0,0.876,干层,非气层类
延500,3271.25,22.035,6.651,161.36,22.346,2.751,12.14,2.714,41.137,100.0,0.886,干层,非气层类
延500,3271.375,21.811,6.567,160.952,22.438,2.748,12.169,2.696,41.13,100.0,0.899,干层,非气层类
延500,3271.5,21.857,6.494,160.128,22.477,2.745,12.056,2.692,42.446,100.0,0.911,干层,非气层类
延500,3271.625,22.131,6.426,158.625,22.548,2.744,11.767,2.7,44.825,100.0,0.925,干层,非气层类
延500,3271.75,22.656,6.366,156.822,22.571,2.746,11.426,2.678,48.054,100.0,0.936,干层,非气层类
延500,3271.875,23.439,6.32,155.489,22.504,2.751,11.079,2.623,53.186,100.0,0.951,干层,非气层类
延500,3272.0,24.178,6.298,155.347,22.425,2.752,10.711,2.566,60.179,100.0,0.968,干层,非气层类
延500,3272.125,24.37,6.316,156.665,22.607,2.74,10.425,2.531,68.567,100.0,0.98,干层,非气层类
延500,3272.25,24.291,6.374,158.586,22.913,2.711,10.361,2.526,77.898,100.0,0.991,干层,非气层类
延500,3272.375,24.024,6.472,160.151,23.216,2.673,10.533,2.536,86.472,100.0,0.999,干层,非气层类
延500,3272.5,23.56,6.606,160.451,23.289,2.642,10.854,2.516,95.966,100.0,1.01,干层,非气层类
延500,3272.625,23.532,6.775,159.223,23.26,2.634,11.208,2.442,110.126,100.0,1.01,干层,非气层类
延500,3272.75,24.524,6.961,157.84,23.165,2.638,11.461,2.33,125.199,100.0,1.02,干层,非气层类
延500,3272.875,26.117,7.156,157.289,23.132,2.646,11.488,2.2,139.03,100.0,1.02,干层,非气层类
延500,3273.0,27.316,7.351,157.505,23.206,2.649,11.227,2.085,153.814,100.0,1.03,干层,非气层类
靖10-1,3710.0,42.993,64.173,153.134,22.004,2.714,4.707,3.803,389.679,100.0,0.984,干层,非气层类
靖10-1,3710.125,36.54,63.558,152.878,21.837,2.719,4.544,3.745,276.314,100.0,0.97,干层,非气层类
靖10-1,3710.25,30.526,62.803,153.818,21.654,2.721,4.364,3.676,209.448,100.0,0.968,干层,非气层类
靖10-1,3710.375,26.303,61.961,156.048,21.466,2.723,4.342,3.588,178.877,100.0,0.973,干层,非气层类
靖10-1,3710.5,24.255,61.084,158.502,21.362,2.723,4.609,3.479,170.695,100.0,0.982,干层,非气层类
靖10-1,3710.625,23.307,60.239,160.039,21.345,2.723,5.372,3.357,168.81,100.0,0.998,干层,非气层类
靖10-1,3710.75,23.047,59.472,160.164,21.392,2.719,5.947,3.255,167.417,100.0,1,干层,非气层类
靖10-1,3710.875,23.701,58.775,159.461,21.508,2.712,6.189,3.194,167.046,100.0,1.01,干层,非气层类
靖10-1,3711.0,24.536,58.097,158.784,21.639,2.702,6.128,3.119,163.273,100.0,1.03,干层,非气层类
靖10-1,3711.125,24.193,57.41,158.548,21.649,2.693,6.311,3.077,151.823,100.0,1.04,干层,非气层类
靖10-1,3711.25,23.719,56.765,158.833,21.652,2.688,6.815,3.029,143.239,100.0,1.05,干层,非气层类
靖10-1,3711.375,23.312,56.242,160.637,21.64,2.685,7.245,2.954,142.497,100.0,1.06,干层,非气层类
靖10-1,3711.5,22.748,55.891,161.238,21.583,2.685,7.498,2.909,145.128,100.0,1.06,干层,非气层类
靖10-1,3711.625,24.189,55.699,161.49,21.513,2.686,7.494,2.884,147.593,100.0,1.06,干层,非气层类
靖10-1,3711.75,25.264,55.534,162.227,21.451,2.686,7.561,2.9,150.512,100.0,1.07,干层,非气层类
靖10-1,3711.875,23.789,55.328,162.295,21.453,2.689,7.755,2.887,154.726,100.0,1.07,干层,非气层类
靖10-1,3712.0,22.688,55.102,161.51,21.553,2.695,7.998,2.81,159.03,100.0,1.08,干层,非气层类
靖10-1,3712.125,23.361,54.933,159.773,21.677,2.702,8.09,2.758,161.886,100.0,1.08,干层,非气层类
靖10-1,3712.25,25.162,54.831,159.255,21.815,2.708,8.003,2.772,163.363,100.0,1.09,干层,非气层类
靖10-1,3712.375,25.916,54.744,159.221,21.885,2.712,8.002,2.806,164.44,100.0,1.09,干层,非气层类
靖10-1,3712.5,27.876,54.602,159.623,21.742,2.715,8.136,2.854,165.717,100.0,1.09,干层,非气层类
靖10-1,3712.625,27.944,54.354,160.958,21.647,2.716,8.33,2.816,166.446,100.0,1.1,干层,非气层类
靖10-1,3712.75,26.278,54.064,161.8,21.609,2.716,8.414,2.831,166.542,100.0,1.11,干层,非气层类
靖10-1,3712.875,24.513,53.845,161.039,21.579,2.714,8.398,2.864,166.78,100.0,1.11,干层,非气层类
靖10-1,3713.0,23.801,53.799,160.246,21.593,2.711,8.454,2.917,167.807,100.0,1.12,干层,非气层类
靖10-1,3713.125,23.229,53.979,160.286,21.625,2.705,8.568,2.996,169.643,100.0,1.13,干层,非气层类
靖10-1,3713.25,24.061,54.288,160.646,21.658,2.697,8.669,3.094,171.92,100.0,1.14,干层,非气层类
靖10-1,3713.375,25.385,54.641,161.405,21.64,2.689,8.713,3.201,174.141,100.0,1.15,干层,非气层类
靖10-1,3713.5,26.661,54.969,162.295,21.612,2.685,8.671,3.301,176.757,100.0,1.15,干层,非气层类
靖10-1,3713.625,26.548,55.278,162.159,21.556,2.687,8.736,3.375,179.529,100.0,1.16,干层,非气层类
靖10-1,3713.75,26.554,55.646,162.084,21.573,2.694,8.85,3.418,181.158,100.0,1.17,干层,非气层类
靖10-1,3713.875,26.242,56.123,163.305,21.609,2.702,8.964,3.433,182.272,100.0,1.17,干层,非气层类
靖10-1,3714.0,27.247,56.703,164.326,21.627,2.706,9.053,3.426,184.217,100.0,1.18,干层,非气层类
靖11-1,3717.0,21.473,83.706,167.607,23.5,2.743,7.486,2.977,41.723,38.864,1.05,干层,非气层类
靖11-1,3717.125,21.55,84.345,168.847,23.5,2.717,8.016,3.03,39.302,35.604,1.05,干层,非气层类
靖11-1,3717.25,21.41,84.345,169.392,23.5,2.69,8.895,3.063,38.815,31.868,1.05,干层,非气层类
靖11-1,3717.375,21.335,84.345,169.192,23.5,2.67,9.803,3.099,38.796,33.262,1.05,干层,非气层类
靖11-1,3717.5,21.742,84.345,168.487,23.5,2.658,10.493,3.099,38.83,33.293,1.05,干层,非气层类
靖11-1,3717.625,22.446,84.345,167.637,23.5,2.653,10.886,3.122,38.765,32.769,1.05,干层,非气层类
靖11-1,3717.75,22.597,84.345,167.127,23.5,2.651,11.041,3.112,38.526,33.22,1.05,干层,非气层类
靖11-1,3717.875,21.929,84.345,167.124,23.5,2.652,10.991,3.063,38.213,31.902,1.05,干层,非气层类
靖11-1,3718.0,20.751,84.345,167.348,23.5,2.655,10.826,3.113,38.44,31.461,1.05,干层,非气层类
靖11-1,3718.125,19.711,84.345,167.406,23.5,2.657,10.724,3.161,39.863,30.462,1.05,干层,非气层类
靖11-1,3718.25,19.301,84.345,167.246,23.5,2.658,10.699,3.169,42.686,29.299,1.05,干层,非气层类
靖11-1,3718.375,19.597,83.706,167.015,23.5,2.656,10.598,3.182,46.042,28.305,1.05,干层,非气层类
靖11-1,3718.5,19.985,83.706,166.581,23.5,2.655,10.373,3.24,48.788,30.015,1.05,干层,非气层类
靖11-1,3718.625,20.051,84.212,165.541,23.5,2.658,10.077,3.272,50.268,30.919,1.05,干层,非气层类
靖11-1,3718.75,20.161,84.345,163.861,23.5,2.669,9.704,3.304,50.776,34.239,1.05,干层,非气层类
靖11-1,3718.875,20.773,84.345,161.933,23.5,2.684,9.197,3.31,50.84,35.819,1.05,干层,非气层类
靖11-1,3719.0,21.537,84.345,160.214,23.5,2.701,8.62,3.292,50.725,36.491,1.05,干层,非气层类
延901,3601.0,38.112,58.508,157.208,22.382,2.766,6.227,3.207,306.76,100.0,1.08,干层,非气层类
延901,3601.125,34.874,58.151,157.235,22.34,2.769,6.269,3.178,263.11,100.0,1.08,干层,非气层类
延901,3601.25,30.748,57.859,157.544,22.329,2.771,6.244,3.141,223.702,100.0,1.07,干层,非气层类
延901,3601.375,26.377,57.607,158.101,22.326,2.775,6.19,3.099,192.206,100.0,1.07,干层,非气层类
延901,3601.5,22.857,57.367,158.753,22.321,2.777,6.131,3.054,172.062,100.0,1.06,干层,非气层类
延901,3601.625,21.888,57.109,159.288,22.312,2.779,6.079,3.01,166.419,100.0,1.06,干层,非气层类
延901,3601.75,22.641,56.887,159.688,22.306,2.78,6.026,2.974,170.677,100.0,1.07,干层,非气层类
延901,3601.875,22.516,56.754,160.118,22.307,2.78,5.973,2.951,180.904,100.0,1.07,干层,非气层类
延901,3602.0,21.485,56.696,160.742,22.308,2.778,5.936,2.946,194.072,100.0,1.07,干层,非气层类
延901,3602.125,21.186,56.622,161.449,22.303,2.775,5.913,2.966,209.211,100.0,1.07,干层,非气层类
延901,3602.25,21.952,56.477,161.774,22.301,2.772,5.89,3.006,225.276,100.0,1.07,干层,非气层类
延901,3602.375,22.778,56.297,161.364,22.31,2.77,5.877,3.063,240.186,100.0,1.08,干层,非气层类
延901,3602.5,22.845,56.159,160.254,22.333,2.769,5.879,3.131,250.87,100.0,1.08,干层,非气层类
延901,3602.625,22.377,56.094,158.965,22.36,2.771,5.891,3.203,255.201,100.0,1.08,干层,非气层类
延901,3602.75,21.915,56.039,158.158,22.385,2.772,5.898,3.27,256.364,100.0,1.07,干层,非气层类
延901,3602.875,21.268,55.975,158.017,22.406,2.771,5.891,3.327,256.603,100.0,1.07,干层,非气层类
延901,3603.0,20.69,55.906,158.286,22.436,2.768,5.88,3.367,255.462,100.0,1.08,干层,非气层类
延901,3603.125,21.227,55.811,158.359,22.474,2.764,5.904,3.38,249.851,100.0,1.08,干层,非气层类
延901,3603.25,21.422,55.73,157.842,22.49,2.763,5.951,3.368,240.242,100.0,1.07,干层,非气层类
延901,3603.375,21.504,55.761,156.784,22.47,2.766,5.977,3.332,230.362,100.0,1.07,干层,非气层类
延901,3603.5,21.84,55.942,155.619,22.442,2.773,5.95,3.278,226.547,100.0,1.06,干层,非气层类
延901,3603.625,22.611,56.212,155.107,22.437,2.78,5.881,3.219,238.973,100.0,1.06,干层,非气层类
延901,3603.75,22.977,56.475,155.532,22.442,2.784,5.812,3.172,269.99,100.0,1.07,干层,非气层类
延901,3603.875,23.369,56.711,156.683,22.449,2.783,5.735,3.148,316.999,100.0,1.08,干层,非气层类
延901,3604.0,24.059,56.921,157.947,22.457,2.775,5.615,3.148,371.329,100.0,1.08,干层,非气层类
延906,3546.0,23.996,33.094,160.075,21.818,2.733,8.115,4.001,132.09,100.0,1.03,干层,非气层类
延906,3546.125,24.286,32.387,159.785,21.824,2.723,8.032,4.029,142.009,100.0,1.03,干层,非气层类
延906,3546.25,23.125,31.794,158.971,21.853,2.718,7.954,4.053,154.117,100.0,1.03,干层,非气层类
延906,3546.375,21.828,31.294,158.248,21.857,2.722,7.915,4.07,165.096,100.0,1.03,干层,非气层类
延906,3546.5,20.385,30.875,158.013,21.869,2.73,7.923,4.079,175.334,100.0,1.03,干层,非气层类
延906,3546.625,19.005,30.535,158.401,21.862,2.738,7.972,4.077,177.094,100.0,1.03,干层,非气层类
延906,3546.75,19.28,30.237,158.632,21.857,2.74,8.072,4.061,171.796,100.0,1.03,干层,非气层类
延906,3546.875,18.754,29.966,158.473,21.859,2.738,8.19,4.032,164.793,100.0,1.03,干层,非气层类
延906,3547.0,17.238,29.726,158.257,21.85,2.736,8.248,3.993,155.055,100.0,1.03,干层,非气层类
延906,3547.125,18.429,29.546,158.826,21.915,2.734,8.209,3.948,147.136,100.0,1.03,干层,非气层类
延906,3547.25,19.817,29.419,161.458,22.147,2.726,8.138,3.904,139.949,100.0,1.03,干层,非气层类
延906,3547.375,19.906,29.322,165.864,22.503,2.716,8.096,3.867,136.111,100.0,1.03,干层,非气层类
延906,3547.5,19.268,29.245,171.643,22.773,2.707,8.066,3.839,135.371,100.0,1.03,干层,非气层类
延906,3547.625,20.555,29.216,175.637,22.747,2.697,7.982,3.827,136.842,100.0,1.03,干层,非气层类
延906,3547.75,22.376,29.254,175.967,22.722,2.682,7.871,3.833,141.799,100.0,1.03,干层,非气层类
延906,3547.875,22.426,29.346,171.945,22.807,2.665,7.793,3.856,150.91,100.0,1.03,干层,非气层类
延906,3548.0,22.641,29.46,166.358,22.269,2.654,7.744,3.893,167.86,100.0,1.03,干层,非气层类
延906,3548.125,23.537,29.584,161.6,22.004,2.663,7.652,3.936,182.921,100.0,1.03,干层,非气层类
延906,3548.25,23.419,29.731,158.415,21.889,2.691,7.534,3.973,200.171,100.0,1.03,干层,非气层类
延906,3548.375,22.218,29.914,155.593,21.964,2.726,7.441,3.997,217.002,100.0,1.03,干层,非气层类
延906,3548.5,23.218,30.127,152.962,21.963,2.754,7.372,4.005,235.974,100.0,1.03,干层,非气层类
延906,3548.625,24.337,30.363,150.947,21.998,2.76,7.307,3.998,254.749,100.0,1.03,干层,非气层类
延906,3548.75,25.861,30.628,151.044,22.256,2.738,7.266,3.984,264.927,100.0,1.03,干层,非气层类
延906,3548.875,26.671,30.946,154.662,22.873,2.746,7.258,3.968,267.531,100.0,1.03,干层,非气层类
延906,3549.0,25.112,31.331,160.861,23.362,2.753,7.245,3.956,260.679,100.0,1.03,干层,非气层类
延906-1,3804.0,16.918,34.128,155.756,21.725,2.746,5.714,3.64,411.852,38.425,1.03,干层,非气层类
延906-1,3804.125,15.165,33.193,152.129,21.849,2.745,5.659,3.551,537.427,34.191,1.03,干层,非气层类
延906-1,3804.25,14.878,32.518,151.934,21.988,2.75,5.687,3.473,549.869,31.217,1.03,干层,非气层类
延906-1,3804.375,14.743,32.058,153.734,21.955,2.759,5.742,3.413,534.036,30.14,1.03,干层,非气层类
延906-1,3804.5,14.874,31.686,155.884,21.867,2.769,5.802,3.374,525.572,31.733,1.03,干层,非气层类
延906-1,3804.625,15.312,31.308,157.32,21.811,2.774,5.853,3.36,519.52,35.19,1.03,干层,非气层类
延906-1,3804.75,15.971,30.861,157.914,21.763,2.771,5.859,3.363,506.402,37.808,1.03,干层,非气层类
延906-1,3804.875,16.171,30.252,157.929,21.783,2.763,5.821,3.379,486.566,37.28,1.03,干层,非气层类
延906-1,3805.0,15.521,29.447,157.701,21.812,2.754,5.791,3.402,476.234,33.335,1.03,干层,非气层类
延906-1,3805.125,15.72,28.602,157.459,21.913,2.748,5.812,3.418,474.193,28.884,1.03,干层,非气层类
延906-1,3805.25,15.455,27.943,157.332,22.013,2.747,5.857,3.421,472.377,27.474,1.03,干层,非气层类
延906-1,3805.375,15.66,27.581,157.339,21.989,2.751,5.9,3.41,472.021,30.576,1.03,干层,非气层类
延906-1,3805.5,17.267,27.55,157.381,21.858,2.755,5.915,3.387,474.198,36.894,1.03,干层,非气层类
延906-1,3805.625,18.25,27.802,157.285,21.698,2.751,5.852,3.356,460.577,39.932,1.03,干层,非气层类
延906-1,3805.75,18.779,28.042,157.008,21.674,2.738,5.707,3.32,435.34,37.687,1.03,干层,非气层类
延906-1,3805.875,19.877,28.003,156.646,21.708,2.722,5.504,3.281,409.025,33.356,1.03,干层,非气层类
延906-1,3806.0,19.727,27.604,156.369,21.738,2.712,5.283,3.24,392.872,29.478,1.03,干层,非气层类
延906-1,3806.125,19.132,27.03,156.309,21.786,2.713,5.142,3.203,381.882,29.731,1.03,干层,非气层类
延906-1,3806.25,19.404,26.573,156.301,21.826,2.721,5.1,3.173,382.033,31.964,1.03,干层,非气层类
延906-1,3806.375,19.341,26.32,156.066,21.834,2.733,5.085,3.162,382.993,37.398,1.03,干层,非气层类
延906-1,3806.5,20.168,26.198,155.381,21.864,2.734,5.139,3.144,377.972,40.691,1.03,干层,非气层类
延906-1,3806.625,21.24,26.022,154.262,21.821,2.731,5.189,3.159,375.027,40.29,1.03,干层,非气层类
延906-1,3806.75,22.002,25.657,153.158,21.734,2.727,5.217,3.199,376.765,36.738,1.03,干层,非气层类
延906-1,3806.875,22.408,25.094,152.456,21.677,2.723,5.225,3.262,389.981,31.753,1.03,干层,非气层类
延906-1,3807.0,22.008,24.481,152.343,21.759,2.72,5.229,3.34,404.172,27.845,1.03,干层,非气层类
延911-4,3628.0,20.61,50.195,166.399,22.53,2.677,7.159,3.321,225.457,79.713,1.14,干层,非气层类
延911-4,3628.125,22.462,49.58,163.727,22.437,2.702,6.891,3.342,272.769,90.4,1.08,干层,非气层类
延911-4,3628.25,23.179,49.03,160.654,22.348,2.729,6.878,3.391,295.362,99.292,1.07,干层,非气层类
延911-4,3628.375,21.973,48.543,158.216,22.251,2.771,7.009,3.492,285.24,100.0,1.1,干层,非气层类
延911-4,3628.5,19.582,48.114,156.889,22.325,2.782,7.157,3.732,253.815,100.0,1.13,干层,非气层类
延911-4,3628.625,17.144,47.747,156.674,22.49,2.776,7.291,3.936,220.038,100.0,1.14,干层,非气层类
延911-4,3628.75,16.568,47.431,157.353,22.413,2.759,7.409,3.965,192.951,100.0,1.13,干层,非气层类
延911-4,3628.875,16.718,47.156,158.593,22.263,2.734,7.487,3.915,173.516,92.693,1.14,干层,非气层类
延911-4,3629.0,17.125,46.915,159.882,22.353,2.707,7.502,3.891,163.58,79.896,1.16,干层,非气层类
延911-4,3629.125,17.497,46.703,160.931,22.731,2.703,7.462,3.866,167.064,66.464,1.15,干层,非气层类
延911-4,3629.25,17.628,46.508,161.67,23.197,2.71,7.404,3.797,178.069,60.057,1.12,干层,非气层类
延911-4,3629.375,17.481,46.323,162.289,23.612,2.735,7.352,3.742,188.622,54.143,1.1,干层,非气层类
延911-4,3629.5,17.41,46.147,163.074,23.785,2.755,7.331,3.69,192.94,50.243,1.11,干层,非气层类
延911-4,3629.625,17.41,45.981,164.024,23.818,2.764,7.277,3.646,192.561,47.208,1.13,干层,非气层类
延911-4,3629.75,17.049,45.824,164.807,23.817,2.766,7.172,3.613,197.228,44.732,1.15,干层,非气层类
延911-4,3629.875,15.713,45.676,164.781,23.788,2.753,7.033,3.574,214.484,43.721,1.15,干层,非气层类
延911-4,3630.0,15.468,45.54,163.699,23.578,2.737,6.908,3.569,247.977,44.532,1.14,干层,非气层类
延911-4,3630.125,16.237,45.419,161.69,23.379,2.683,6.851,3.567,298.267,48.132,1.13,干层,非气层类
延911-4,3630.25,17.403,45.316,159.132,23.344,2.622,6.893,3.556,354.607,54.049,1.11,干层,非气层类
延911-4,3630.375,18.422,45.23,156.538,23.444,2.545,7.02,3.531,405.137,62.362,1.1,干层,非气层类
延911-4,3630.5,20.771,45.16,154.419,23.6,2.453,7.124,3.497,440.869,74.351,1.1,干层,非气层类
延911-4,3630.625,22.358,45.107,153.088,24.175,2.418,7.161,3.483,460.107,85.553,1.11,干层,非气层类
延911-4,3630.75,24.038,45.069,152.676,25.166,2.407,7.155,3.474,474.606,90.166,1.12,干层,非气层类
延911-4,3630.875,24.247,45.041,153.152,25.668,2.422,7.225,3.469,490.156,86.737,1.12,干层,非气层类
延911-4,3631.0,23.603,45.023,154.094,25.527,2.443,7.412,3.46,504.388,75.878,1.11,干层,非气层类
延1059-1,3872.0,25.448,55.364,169.13,22.332,2.83,6.321,3.387,214.463,44.862,1.1,干层,非气层类
延1059-1,3872.125,24.873,55.352,169.845,22.276,2.826,6.667,3.383,184.314,42.681,1.1,干层,非气层类
延1059-1,3872.25,24.813,55.367,170.261,22.253,2.819,7.262,3.377,159.072,43.686,1.1,干层,非气层类
延1059-1,3872.375,25.192,55.406,170.38,22.25,2.81,7.82,3.365,139.727,44.88,1.1,干层,非气层类
延1059-1,3872.5,26.018,55.463,170.217,22.245,2.805,8.39,3.343,126.871,45.58,1.1,干层,非气层类
延1059-1,3872.625,27.36,55.538,169.732,22.211,2.801,8.998,3.296,119.35,45.24,1.1,干层,非气层类
延1059-1,3872.75,28.978,55.62,169.441,22.16,2.79,9.537,3.196,115.821,43.214,1.1,干层,非气层类
延1059-1,3872.875,29.518,55.711,169.943,22.157,2.776,9.843,3.118,113.565,38.94,1.1,干层,非气层类
延1059-1,3873.0,29.089,55.826,171.517,22.202,2.756,9.895,3.02,110.384,36.591,1.1,干层,非气层类
延1059-1,3873.125,28.339,55.954,173.465,22.259,2.739,9.787,2.926,106.092,36.79,1.1,干层,非气层类
延1059-1,3873.25,28.23,56.092,174.867,22.286,2.732,9.698,2.857,101.414,38.507,1.1,干层,非气层类
延1059-1,3873.375,28.996,56.256,175.117,22.288,2.729,9.704,2.792,97.112,36.537,1.1,干层,非气层类
延1059-1,3873.5,30.099,56.435,174.453,22.297,2.725,9.805,2.731,94.114,33.796,1.1,干层,非气层类
延1059-1,3873.625,30.745,56.63,173.434,22.346,2.72,9.982,2.694,92.112,31.952,1.1,干层,非气层类
延1059-1,3873.75,30.728,56.839,172.513,22.426,2.712,10.192,2.671,90.735,29.313,1.1,干层,非气层类
延1059-1,3873.875,30.178,57.062,172.103,22.523,2.703,10.411,2.652,89.53,27.199,1.1,干层,非气层类
延1059-1,3874.0,29.603,57.297,172.456,22.626,2.698,10.601,2.636,88.682,24.713,1.1,干层,非气层类
延874,3369.0,12.689,26.576,166.228,22.876,2.758,9.45,2.684,100.973,100.0,1.07,干层,非气层类
延874,3369.125,12.695,26.013,162.327,22.842,2.745,9.494,2.701,102.605,100.0,1.07,干层,非气层类
延874,3369.25,13.062,25.591,157.933,22.818,2.729,9.514,2.699,107.685,100.0,1.07,干层,非气层类
延874,3369.375,13.5,25.422,156.034,22.812,2.714,9.516,2.73,113.478,100.0,1.07,干层,非气层类
延874,3369.5,13.896,25.51,155.941,22.817,2.702,9.487,2.766,117.305,100.0,1.06,干层,非气层类
延874,3369.625,14.187,25.755,156.608,22.829,2.696,9.498,2.739,117.68,100.0,1.05,干层,非气层类
延874,3369.75,14.391,26.031,158.33,22.851,2.694,9.653,2.766,115.236,100.0,1.05,干层,非气层类
延874,3369.875,14.711,26.302,160.973,22.878,2.692,9.959,2.72,111.393,100.0,1.05,干层,非气层类
延874,3370.0,15.307,26.594,163.607,22.887,2.69,10.316,2.591,107.482,100.0,1.05,干层,非气层类
延874,3370.125,15.96,26.959,165.746,22.873,2.692,10.572,2.641,104.922,100.0,1.06,干层,非气层类
延874,3370.25,16.257,27.406,166.985,22.844,2.702,10.65,2.714,104.76,100.0,1.07,干层,非气层类
延874,3370.375,16.278,27.931,166.133,22.828,2.723,10.445,2.701,108.421,100.0,1.08,干层,非气层类
延874,3370.5,17.233,28.577,163.629,22.836,2.751,9.999,2.686,116.445,100.0,1.09,干层,非气层类
延874,3370.625,19.702,29.476,160.237,22.863,2.781,9.436,2.727,130.246,100.0,1.1,干层,非气层类
延874,3370.75,22.745,30.888,156.413,22.911,2.801,8.912,2.739,152.224,100.0,1.12,干层,非气层类
延874,3370.875,24.558,32.964,152.577,23.015,2.809,8.45,2.723,182.929,100.0,1.13,干层,非气层类
延874,3371.0,24.445,35.692,149.501,23.215,2.803,8.065,2.742,221.994,100.0,1.14,干层,非气层类
子59-1,3840.0,35.743,60.718,167.096,22.136,2.68,5.869,2.538,323.262,61.018,1.06,干层,非气层类
子59-1,3840.125,31.126,60.553,168.978,22.067,2.681,5.669,2.508,294.017,52.881,1.06,干层,非气层类
子59-1,3840.25,28.748,60.395,170.769,22.041,2.689,5.564,2.463,262.362,55.038,1.06,干层,非气层类
子59-1,3840.375,27.07,60.248,172.217,22.045,2.7,5.494,2.41,246.779,60.912,1.06,干层,非气层类
子59-1,3840.5,25.928,60.116,173.262,22.06,2.715,5.448,2.361,249.681,69.211,1.06,干层,非气层类
子59-1,3840.625,24.978,60.001,173.836,22.07,2.729,5.428,2.335,262.17,77.048,1.06,干层,非气层类
子59-1,3840.75,24.357,59.901,173.773,22.069,2.736,5.433,2.341,274.422,78.911,1.06,干层,非气层类
子59-1,3840.875,24.696,59.814,173.05,22.066,2.73,5.422,2.379,281.203,72.806,1.06,干层,非气层类
子59-1,3841.0,25.74,59.739,171.716,22.075,2.717,5.4,2.445,282.809,63.655,1.06,干层,非气层类
子59-1,3841.125,26.095,59.674,170.022,22.106,2.706,5.399,2.532,286.344,56.658,1.06,干层,非气层类
子59-1,3841.25,25.798,59.623,168.431,22.16,2.703,5.411,2.627,295.581,54.807,1.06,干层,非气层类
子59-1,3841.375,25.998,59.586,167.427,22.22,2.71,5.394,2.721,304.956,59.631,1.06,干层,非气层类
子59-1,3841.5,26.673,59.568,167.29,22.263,2.719,5.317,2.805,313.24,69.069,1.06,干层,非气层类
子59-1,3841.625,27.347,59.572,168.07,22.275,2.724,5.193,2.873,321.009,76.621,1.06,干层,非气层类
子59-1,3841.75,28.213,59.606,169.567,22.247,2.721,5.084,2.925,328.338,76.756,1.06,干层,非气层类
子59-1,3841.875,29.468,59.667,171.195,22.199,2.713,5.059,2.961,336.506,72.782,1.06,干层,非气层类
子59-1,3842.0,30.303,59.753,172.433,22.153,2.705,5.126,2.985,343.85,67.095,1.06,干层,非气层类
子59-1,3842.125,30.508,59.859,172.787,22.128,2.7,5.222,2.996,350.116,62.1,1.06,干层,非气层类
子59-1,3842.25,30.785,59.977,171.869,22.139,2.698,5.303,2.992,358.741,60.348,1.06,干层,非气层类
子59-1,3842.375,30.531,60.091,169.876,22.178,2.7,5.378,2.972,363.756,59.385,1.06,干层,非气层类
子59-1,3842.5,29.794,60.187,167.148,22.233,2.707,5.454,2.932,363.98,59.525,1.06,干层,非气层类
子59-1,3842.625,28.864,60.249,164.248,22.29,2.719,5.528,2.875,366.05,61.964,1.06,干层,非气层类
子59-1,3842.75,28.373,60.257,161.88,22.335,2.735,5.576,2.813,372.333,69.487,1.06,干层,非气层类
子59-1,3842.875,28.952,60.204,160.505,22.365,2.75,5.59,2.751,378.465,84.268,1.06,干层,非气层类
子59-1,3843.0,30.827,60.083,160.294,22.376,2.759,5.583,2.699,384.805,100.0,1.06,干层,非气层类
子59-3,3864.0,31.628,78.144,158.574,22.306,2.72,3.126,3.103,362.071,100.0,1.11,干层,非气层类
子59-3,3864.125,31.397,77.707,158.803,22.296,2.719,3.187,3.226,353.108,100.0,1.11,干层,非气层类
子59-3,3864.25,31.672,77.18,158.538,22.28,2.717,3.165,3.445,355.088,100.0,1.11,干层,非气层类
子59-3,3864.375,32.383,76.575,157.972,22.265,2.718,3.081,3.603,366.651,100.0,1.11,干层,非气层类
子59-3,3864.5,32.909,75.97,157.385,22.251,2.724,3.012,3.628,384.948,100.0,1.11,干层,非气层类
子59-3,3864.625,32.877,75.458,156.901,22.241,2.734,3.043,3.576,400.312,100.0,1.11,干层,非气层类
子59-3,3864.75,33.081,75.112,156.508,22.236,2.745,3.148,3.569,408.626,100.0,1.11,干层,非气层类
子59-3,3864.875,33.588,74.929,156.257,22.24,2.755,3.279,3.634,408.616,100.0,1.11,干层,非气层类
子59-3,3865.0,33.787,74.865,156.295,22.255,2.762,3.39,3.744,402.073,100.0,1.11,干层,非气层类
子59-3,3865.125,33.549,74.861,156.826,22.285,2.763,3.46,3.814,391.676,100.0,1.11,干层,非气层类
子59-3,3865.25,32.764,74.879,157.816,22.319,2.759,3.523,3.788,381.061,100.0,1.11,干层,非气层类
子59-3,3865.375,31.632,74.902,159.063,22.345,2.751,3.604,3.708,370.246,100.0,1.11,干层,非气层类
子59-3,3865.5,31.409,74.919,160.175,22.35,2.739,3.675,3.647,356.9,100.0,1.11,干层,非气层类
子59-3,3865.625,31.984,74.93,160.453,22.322,2.728,3.68,3.671,338.38,100.0,1.11,干层,非气层类
子59-3,3865.75,32.009,74.928,159.651,22.279,2.718,3.652,3.752,320.691,100.0,1.11,干层,非气层类
子59-3,3865.875,31.276,74.924,158.054,22.252,2.712,3.639,3.829,308.294,100.0,1.11,干层,非气层类
子59-3,3866.0,30.193,74.931,156.698,22.262,2.71,3.673,3.851,304.626,100.0,1.11,干层,非气层类
延1000-4,3754.0,20.347,88.944,163.715,22.621,2.722,9.748,3.05,48.579,60.909,1.1,干层,非气层类
延1000-4,3754.125,19.769,89.164,164.497,22.315,2.726,9.794,3.042,47.109,64.139,1.11,干层,非气层类
延1000-4,3754.25,19.129,89.416,164.466,22.172,2.727,10.074,3.032,46.72,66.633,1.11,干层,非气层类
延1000-4,3754.375,18.901,89.658,163.84,22.172,2.727,10.502,3.03,48.415,66.899,1.12,干层,非气层类
延1000-4,3754.5,19.154,89.893,163.553,22.172,2.728,10.872,3.042,52.105,65.069,1.13,干层,非气层类
延1000-4,3754.625,19.48,90.131,164.257,22.454,2.73,11.046,3.055,57.124,63.437,1.14,干层,非气层类
延1000-4,3754.75,19.806,90.393,166.073,22.621,2.734,11.091,3.051,61.533,63.749,1.15,干层,非气层类
延1000-4,3754.875,20.368,90.677,167.706,22.621,2.741,11.15,3.032,63.632,66.43,1.15,干层,非气层类
延1000-4,3755.0,21.231,90.981,168.012,22.621,2.75,11.294,3.019,63.195,71.314,1.15,干层,非气层类
延1000-4,3755.125,21.742,91.273,167.423,22.233,2.762,11.52,3.015,61.79,77.928,1.16,干层,非气层类
延1000-4,3755.25,20.991,91.534,166.05,22.172,2.775,11.819,2.964,60.896,83.869,1.16,干层,非气层类
延1000-4,3755.375,19.511,91.771,163.87,22.172,2.782,12.155,2.847,60.875,84.307,1.17,干层,非气层类
延1000-4,3755.5,18.484,92.015,162.996,22.172,2.778,12.357,2.739,61.272,77.814,1.18,干层,非气层类
延1000-4,3755.625,19.03,92.284,165.16,22.525,2.767,12.141,2.685,61.967,69.593,1.18,干层,非气层类
延1000-4,3755.75,20.354,92.559,168.84,22.621,2.758,11.418,2.655,63.579,64.953,1.18,干层,非气层类
延1000-4,3755.875,21.349,92.81,171.817,22.621,2.761,10.523,2.626,66.976,66.748,1.19,干层,非气层类
延1000-4,3756.0,21.257,93.005,173.487,22.621,2.775,9.902,2.604,72.439,75.238,1.19,干层,非气层类
